P1,P1_lat,P1_lon,P2,P2_lat,P2_lon,Dist,Az12,Az21,BackAz12,BackAz21,Reason
K,38.892755,-77.051435,Hk,38.8951366,-77.051444,0.1642848297322346,359.8307964157596,179.83079076483222,359.8307907648322,179.83079641575955,Dist factor of:1.3143
K,38.892755,-77.051435,elEc,38.89278681802996,-77.04033404260801,0.5984377899219823,89.78637707618346,269.7933469772621,89.7933469772621,269.78637707618344,Dist factor of:2.3936
K,38.892755,-77.051435,B,38.892747285,-77.008989,2.2881924692033366,90.00000060968448,270.0266509509012,90.02665095090123,270.0000006096845,"Dist factor of:2.2883, Dist multiple:2.2883"
J,38.889801,-77.03656908080315,WHs,38.897561,-77.036569,0.5352891591902932,0.00046621789982632966,180.00046626863428,0.0004662686342840061,180.00046621789983,Dist factor of:1.0705
J,38.889801,-77.03656908080315,elNc,38.89344928705847,-77.04098558,0.3464388996207673,316.5886479951461,136.58587509923206,316.58587509923206,136.58864799514612,Dist factor of:1.7321
J,38.889801,-77.03656908080315,RCrkA,38.89950909563222,-77.05755337263248,1.3145592559193797,300.63215742270273,120.61898158602246,300.61898158602247,120.63215742270273,"Dist factor of:1.3143, Dist multiple:1.3143"
J,38.889801,-77.03656908080315,POOthr2c,38.9040771959102,-77.08165575743644,2.6223380314952323,292.07155705172977,112.04324615786456,292.0432461578646,112.07155705172977,Dist multiple:0.8740
J,38.889801,-77.03656908080315,H69,38.87633745296441,-77.07234178427055,2.1406629524047815,244.29924554202645,64.27678983277428,244.27678983277428,64.29924554202648,Dist multiple:1.0705
J,38.889801,-77.03656908080315,H56,38.91681538320637,-77.06120140091524,2.2880741851503874,324.53852128629535,144.523051991841,324.523051991841,144.53852128629535,"Dist factor of:2.2883, Dist multiple:2.2883"
Hk,38.8951366,-77.051444,Gs7,38.91601482291505,-77.11677799130699,3.8045370542712957,292.26419654433084,112.22316426016118,292.2231642601612,112.26419654433084,Dist multiple:0.4755
Hk,38.8951366,-77.051444,Chk31,38.84552270708302,-77.10483209910393,4.472263250466143,220.08789735639618,40.054393118222265,220.05439311822227,40.087897356396184,Dist multiple:2.2361
Hk,38.8951366,-77.051444,H70a,38.87147694689254,-77.06775220195667,1.8538347316155053,208.31856195381948,28.308324703390497,208.3083247033905,28.318561953819483,Dist multiple:0.6180
P,38.87100323118176,-77.05596854698287,Chk18,38.87614213026904,-77.11265634246809,3.0772507053490146,276.6326423255223,96.59706483476012,276.5970648347601,96.63264232552228,Dist multiple:1.5388
P,38.87100323118176,-77.05596854698287,H70,38.8737311478417,-77.07038741369139,0.7999653973154293,283.609460270769,103.6004111680528,283.6004111680528,103.60946027076898,Dist factor of:4.0000
PenE,38.87062329503496,-77.05322825200388,Gs2,38.86573364111086,-76.96785270415687,4.616375642792757,94.16318776539259,274.2167635515078,94.21676355150782,274.1631877653926,Dist multiple:1.5388
PenE,38.87062329503496,-77.05322825200388,Gs5,38.90446612895163,-76.97570336712812,4.787319689848087,60.78999641644896,240.83866607011242,60.838666070112424,240.78999641644896,Dist multiple:2.3936
PenE,38.87062329503496,-77.05322825200388,Chk36,38.91158883943301,-76.99354755099984,4.282136509411825,48.68825563203959,228.72572570178113,48.72572570178113,228.68825563203958,Dist multiple:1.0705
PenF,38.86885510940446,-77.0555808299749,WH SEcnr,38.89753757777559,-77.03626431326734,2.235893015799286,27.755408964114352,207.76753461408873,27.76753461408873,207.75540896411434,"Dist factor of:2.2361, Dist multiple:2.2361"
PenF,38.86885510940446,-77.0555808299749,Lcnr,38.88906071490013,-77.04994269848781,1.426558277284103,12.302369966202995,192.30590889285972,12.305908892859748,192.302369966203,Dist multiple:0.4755
PenB,38.87273680802001,-77.05628256361138,PenD,38.87004437347602,-77.05846414671291,0.2198478657793131,212.3514081198567,32.35003901419282,212.35003901419282,32.35140811985673,Dist factor of:1.5388
PenB,38.87273680802001,-77.05628256361138,M,38.889484,-77.035278,1.6177517916611246,44.42434089298661,224.43752559323252,44.43752559323252,224.4243408929866,"Dist factor of:1.6180, Dist multiple:1.6180"
PenB,38.87273680802001,-77.05628256361138,AN,38.91858289999999,-76.94192180000002,6.92859385073142,62.806456461245574,242.8782640743221,62.87826407432209,242.80645646124557,Dist multiple:1.7321
PenB,38.87273680802001,-77.05628256361138,H13,38.94626278806017,-77.01391219662139,5.562253811395613,24.226032338900307,204.25264483722788,24.252644837227876,204.2260323389003,Dist multiple:0.6180
PenA,38.872552231854,-77.05790028667388,CFf,38.88868578496108,-77.00467871165168,3.0778233148546996,68.78564389484956,248.81905106712634,68.81905106712634,248.78564389484956,Dist multiple:1.5388
PenC,38.87632204707956,-77.05702684244545,H56,38.91681538320637,-77.06120140091524,2.8023043347203105,355.3953706210077,175.39274934690945,355.39274934690945,175.39537062100771,"Dist factor of:2.8025, Dist multiple:2.8025"
NOa,38.92154464050518,-77.06705128052432,elNc,38.89344928705847,-77.04098558,2.393667313653798,144.05377132685533,324.0701422786659,144.0701422786659,324.0537713268553,"Dist factor of:2.3936, Dist multiple:2.3936"
NOa,38.92154464050518,-77.06705128052432,SF03,38.77367519361357,-76.97215841432278,11.412375704298949,153.3210578434166,333.3805795642324,153.38057956423245,333.3210578434166,Dist multiple:0.4755
M,38.889484,-77.035278,CapK,38.889801,-77.00904745,1.4142754953559138,89.10585186608176,269.1223199921261,89.12231999212611,269.10585186608176,"Dist factor of:1.4142, Dist multiple:1.4142"
M,38.889484,-77.035278,Chk12,38.88869436289873,-76.9425428132187,4.999751048960958,90.59510826710977,270.65332880181813,90.65332880181813,270.59510826710977,"Dist factor of:5.0000, Dist multiple:5.0000"
MV,38.735159,-77.01151395666083,H33,38.92053966660955,-77.11324805943606,13.915925063877816,336.7994672142001,156.7356816136903,336.7356816136903,156.79946721420015,Dist multiple:1.0705
MV,38.735159,-77.01151395666083,H35,38.92066077312896,-77.07975099520537,13.31505129852501,343.96873196233287,163.92594841481525,343.92594841481525,163.96873196233287,Dist multiple:0.4755
MVa,38.74397251515714,-77.01540232831105,Chk40,38.89172055971182,-76.89912135737723,11.968525740085196,31.584648436881203,211.65753883599498,31.657538835994956,211.5846484368812,Dist multiple:2.3936
HighWb,38.80859367009808,-77.06728222257168,Chk08,38.8580454440363,-77.07846439947777,3.46411726742241,349.9736643335059,169.96665247144537,349.9666524714454,169.9736643335059,Dist multiple:1.7321
HighWb,38.80859367009808,-77.06728222257168,Chk43,38.94312493001874,-77.0192667064925,9.634407818980469,15.573608108076924,195.6037443532625,15.603744353262528,195.5736081080769,Dist multiple:1.0705
HighWb,38.80859367009808,-77.06728222257168,H32,38.9243596243616,-77.09063005508365,8.084217134921323,351.04710568106253,171.03245473096547,351.03245473096547,171.04710568106248,Dist multiple:0.4755
WHs,38.897561,-77.036569,WHb,38.89609664728791,-77.03656881060775,0.10101192780429734,179.99420907975292,359.9942091986761,179.99420919867612,359.9942090797529,Dist factor of:1.4142
WHs,38.897561,-77.036569,Chk01,38.80358701301893,-77.0045692366363,6.708199036196636,165.07957487959848,345.0996480654602,165.0996480654602,345.07957487959845,Dist multiple:2.2361
WHs,38.897561,-77.036569,Chk35,38.89407905799511,-77.05068501975197,0.7979450681507199,252.4863847157908,72.47752117831098,252.47752117831098,72.48638471579079,Dist factor of:2.3936
WHs,38.897561,-77.036569,H20,38.9230873705844,-77.07763287849671,2.8281620582373908,308.5195247159361,128.49373235785458,308.4937323578546,128.5195247159361,Dist multiple:1.4142
WHn,38.89787121557463,-77.036569,WHz,38.89597663639302,-77.03431133703796,0.17857906856644246,137.03917447198984,317.04059210659517,137.04059210659517,317.03917447198984,Dist factor of:5.0000
WHn,38.89787121557463,-77.036569,POOthr2a,38.86374289004072,-77.04279029496989,2.377963030686419,188.1111470183506,8.107241896848564,188.10724189684856,8.111147018350607,Dist multiple:0.4755
WHa,38.89828563763562,-77.036569,elSc,38.89284818820199,-77.04058603,0.43309884391586734,210.0002460459409,29.997723741385755,209.99772374138576,30.000246045940912,Dist factor of:1.7321
WHa,38.89828563763562,-77.036569,Chk44,38.9096320124952,-77.04345033773585,0.8661166922467266,334.6464464915304,154.64212489560532,334.6421248956053,154.64644649153047,Dist factor of:1.7321
WHa,38.89828563763562,-77.036569,Chk63,38.89999431930673,-77.036569,0.11786593203147296,0.0,180.0,0.0,180.0,Dist factor of:1.4142
WHa,38.89828563763562,-77.036569,H67,38.91551942120227,-77.08923640277803,3.0775253283444766,292.74001228283555,112.70693416009111,292.7069341600911,112.74001228283555,Dist multiple:1.5388
WHa,38.89828563763562,-77.036569,SF04,38.90017164390296,-77.07087604008456,1.8538374064317344,274.03496059589,94.01341740115235,274.01341740115237,94.03496059589003,Dist multiple:0.6180
WHb,38.89609664728791,-77.03656881060775,WHc,38.89666242649749,-77.03611695727467,0.046004908991634876,31.968327062957187,211.96861078793674,31.96861078793677,211.9683270629572,Dist factor of:0.8740
WHb,38.89609664728791,-77.03656881060775,Chk59,39.01004268273348,-77.04244035387981,7.866501539466586,357.69776092521073,177.69406958025024,357.69406958025024,177.6977609252108,Dist multiple:0.8740
WHc,38.89666242649749,-77.03611695727467,elSc,38.89284818820199,-77.04058603,0.3567425943119834,222.47997471680014,42.47716862260455,222.47716862260455,42.47997471680014,Dist factor of:1.0705
WHc,38.89666242649749,-77.03611695727467,Chk63,38.89999431930673,-77.036569,0.23112409044072565,353.94831438248605,173.9480305266179,353.9480305266179,173.94831438248605,Dist factor of:1.6180
WHc,38.89666242649749,-77.03611695727467,H77,38.89703882730361,-77.03762786655247,0.08548439224007263,287.682374071851,107.6814253412756,287.6814253412756,107.68237407185097,"Dist factor of:1.5388, Dist factor of:2.3936"
WHc,38.89666242649749,-77.03611695727467,H51,38.91448986470866,-77.04953191350309,1.426562656770981,329.5502384849541,149.54181337188467,329.5418133718847,149.5502384849541,Dist multiple:0.4755
WHe,38.9,-77.037723,Chk40,38.89172055971182,-76.89912135737723,7.493251347345778,94.32769205705382,274.4147210006723,94.41472100067227,274.3276920570538,Dist multiple:1.0705
WHz,38.89597663639302,-77.03431133703796,CFd,38.88868978460074,-77.00578323852076,1.6179702168863581,108.0905148229023,288.1084264441387,108.10842644413867,288.0905148229023,"Dist factor of:1.6180, Dist multiple:1.6180"
WHz,38.89597663639302,-77.03431133703796,CptB,38.88556174596554,-77.00988737303246,1.4999367113518518,118.61048263328169,298.6258169180983,118.62581691809828,298.61048263328166,Dist factor of:3.0000
WHz,38.89597663639302,-77.03431133703796,Chk01,38.80358701301893,-77.0045692366363,6.571868515127909,165.86094693288092,345.8796035850081,165.8796035850081,345.8609469328809,Dist multiple:1.3143
WHz,38.89597663639302,-77.03431133703796,H22,38.92823446130691,-77.06004232078331,2.6219118852730436,328.07670459559955,148.06054225701624,328.0605422570162,148.07670459559955,Dist multiple:0.8740
WHz,38.89597663639302,-77.03431133703796,SF01,38.90124200833564,-77.08586335465753,2.802490146282903,277.4627853810688,97.43041359089243,277.43041359089244,97.46278538106878,"Dist factor of:2.8025, Dist multiple:2.8025"
WHz,38.89597663639302,-77.03431133703796,Pk04,38.77550687860945,-78.20406185227269,63.653957577381064,262.86574768823465,82.13219308437789,262.1321930843779,82.86574768823465,Dist multiple:0.6180
WH SEcnr,38.89753757777559,-77.03626431326734,H28,38.90499081362246,-77.12853595395019,5.000117297202581,275.9307486522879,95.87280387850798,275.87280387850797,95.93074865228789,"Dist factor of:5.0000, Dist multiple:5.0000"
Cap,38.889801,-77.009227,CapK,38.889801,-77.00904745,0.0096796387276986,89.9999436370541,270.0000563629459,90.00005636294588,269.9999436370541,"Dist factor of:1.5388, Dist factor of:2.2361"
Cap,38.889801,-77.009227,Chk23a,38.90863930872903,-76.97546834269932,2.236063185390725,54.45824125444345,234.47944008717144,54.47944008717144,234.45824125444346,"Dist factor of:2.2361, Dist multiple:2.2361"
Cap,38.889801,-77.009227,Chk59,39.01004268273348,-77.04244035387981,8.485166214777482,347.838665800662,167.8177865160118,347.8177865160118,167.83866580066206,Dist multiple:1.4142
CapK,38.889801,-77.00904745,CCnrA,38.88881417737429,-77.00860327209443,0.0721605551932101,160.61913001946687,340.619408882268,160.61940888226798,340.61913001946687,Dist factor of:1.7321
CapK,38.889801,-77.00904745,B,38.892747285,-77.008989,0.20326073573305178,0.8882328860836185,180.88826958359627,0.8882695835962977,180.8882328860836,Dist factor of:2.2361
CapK,38.889801,-77.00904745,I069,38.89642237002393,-77.00659984972448,0.4754222130920981,16.112252044778845,196.11378881831774,16.113788818317744,196.11225204477884,"Dist factor of:0.4755, Dist multiple:0.4755"
CCnrA,38.88881417737429,-77.00860327209443,elEc,38.89278681802996,-77.04033404260801,1.7324101058520451,279.1113075751515,99.0913857883625,279.0913857883625,99.1113075751515,"Dist factor of:1.7321, Dist multiple:1.7321"
CCnrA,38.88881417737429,-77.00860327209443,Chk55,38.71079049783587,-77.0352088314432,12.363666871856,186.67871059745198,6.662039503737219,186.66203950373722,6.678710597451982,Dist multiple:0.4755
H71,38.88981684871572,-77.00844224089784,CFf,38.88868578496108,-77.00467871165168,0.21737964298067958,111.03254827316613,291.0349110809891,111.0349110809891,291.0325482731661,Dist factor of:5.0000
H71,38.88981684871572,-77.00844224089784,POOthr3a,38.7852261694161,-77.0402519018478,7.415952007880427,193.39013042432313,13.370182130529685,193.37018213052968,13.39013042432316,Dist multiple:0.6180
CFa,38.89064396166972,-77.01235207597406,CFb,38.88898718985376,-77.01233379820508,0.11428922250880114,179.50600265687066,359.50601413210575,179.50601413210575,359.5060026568707,Dist factor of:4.0000
CFa,38.89064396166972,-77.01235207597406,CFe,38.88981116007428,-77.01012017665087,0.1333326600874532,115.52115341185635,295.52255466590134,115.52255466590134,295.52115341185635,"Dist factor of:4.0000, Dist factor of:6.2666"
CFa,38.89064396166972,-77.01235207597406,H99,38.8889443857454,-77.00096480083693,0.6249886883130354,100.80822427013287,280.81537347958954,100.81537347958954,280.8082242701329,Dist factor of:5.0000
CFa,38.89064396166972,-77.01235207597406,H31,38.93203756982007,-77.09367738494352,5.231013138237321,303.10849152902006,123.05740970438518,303.0574097043852,123.10849152902006,Dist multiple:0.4755
CFb,38.88898718985376,-77.01233379820508,POOthr2a,38.86374289004072,-77.04279029496989,2.393590456718406,223.3315134901878,43.312397713734555,223.31239771373455,43.33151349018783,"Dist factor of:2.3936, Dist multiple:2.3936"
CFc,38.88974917890155,-77.01360995348632,H17,38.88120136333437,-77.07263105649967,3.236221040807167,259.5207263319179,79.48367490285435,259.4836749028543,79.5207263319179,Dist multiple:1.6180
CFd,38.88868978460074,-77.00578323852076,CptB,38.88556174596554,-77.00988737303246,0.3090569610750113,225.72109755529618,45.71852102819065,225.71852102819065,45.72109755529618,Dist factor of:0.6180
CFd,38.88868978460074,-77.00578323852076,I069,38.89642237002393,-77.00659984972448,0.5352115166187752,355.2822296559285,175.2817169368309,355.2817169368309,175.28222965592852,Dist factor of:1.0705
CFe,38.88981116007428,-77.01012017665087,Chk36,38.91158883943301,-76.99354755099984,1.7477728461749193,30.732537488374046,210.74294464285597,30.742944642855946,210.73253748837405,Dist multiple:0.8740
CFe,38.88981116007428,-77.01012017665087,H44,38.90361498656535,-77.11259304457337,5.605301460283468,279.8126750485742,99.74833043731894,279.74833043731894,99.81267504857419,Dist multiple:2.8025
CFg,38.89361386946052,-77.00907795602103,CptA,38.89077979476803,-77.0072678806584,0.2184956030157777,153.47404957966268,333.47518604826246,153.47518604826246,333.4740495796627,Dist factor of:0.8740
CptA,38.89077979476803,-77.0072678806584,Pk02,39.448887,-77.627618,50.910885410418594,319.3281655577207,138.93633230008018,318.93633230008015,139.3281655577207,Dist multiple:1.4142
SCa,38.890621,-77.00510154468833,SCb,38.890621,-77.00442188577618,0.03664036251936125,89.9997866429508,270.00021335704923,90.00021335704923,269.99978664295077,Dist factor of:1.5388
SCa,38.890621,-77.00510154468833,Chk52,38.89358765171932,-76.99952509051057,0.3636625030692896,55.753929657446406,235.75743086657883,55.75743086657883,235.7539296574464,Dist factor of:4.0000
SCa,38.890621,-77.00510154468833,H70,38.8737311478417,-77.07038741369139,3.7077751281753564,251.70656403599017,71.66558272666362,251.66558272666362,71.70656403599014,Dist multiple:0.6180
elEc,38.89278681802996,-77.04033404260801,elWc,38.89317145702438,-77.04113191993082,0.05053730297546383,301.66919526767623,121.66869430628527,301.66869430628526,121.66919526767623,Dist factor of:6.2666
elEc,38.89278681802996,-77.04033404260801,Eb,38.89286049999997,-76.90916553,7.071067800001166,89.91763819488185,269.9999944106347,89.99999441063471,269.9176381948819,Dist multiple:1.4142
elSc,38.89284818820199,-77.04058603,elWc,38.89317145702438,-77.04113191993082,0.03692232991159518,307.153535203475,127.15319245659798,307.153192456598,127.15353520347497,Dist factor of:1.0705
elSc,38.89284818820199,-77.04058603,Sb,38.79033915000001,-77.04058603,7.0710677999987315,180.0,0.0,180.0,0.0,Dist multiple:1.4142
elSc,38.89284818820199,-77.04058603,L,38.88924949780046,-77.0501466575182,0.5720751563698941,244.2858848080384,64.27988224961793,244.2798822496179,64.28588480803842,Dist factor of:2.2883
elSc,38.89284818820199,-77.04058603,H32,38.9243596243616,-77.09063005508365,3.464061758312465,308.8812763427694,128.8498446932614,308.8498446932614,128.8812763427694,Dist multiple:1.7321
elNc,38.89344928705847,-77.04098558,elWc,38.89317145702438,-77.04113191993082,0.020725024823933944,202.3736884770112,22.373596594238506,202.3735965942385,22.37368847701123,Dist factor of:4.0000
elNc,38.89344928705847,-77.04098558,Nb,38.99595650999999,-77.04098558,7.071067799998578,0.0,180.0,0.0,180.0,Dist multiple:1.4142
elNc,38.89344928705847,-77.04098558,H70,38.8737311478417,-77.07038741369139,2.0887633773325955,229.37841996008575,49.35996324838604,229.35996324838604,49.37841996008575,Dist factor of:6.2666
elWc,38.89317145702438,-77.04113191993082,Wb,38.89324512999998,-77.17230114000002,7.071067800000195,270.08235734529,89.99999999999143,269.9999999999914,90.08235734529,Dist multiple:1.4142
elWc,38.89317145702438,-77.04113191993082,H77,38.89703882730361,-77.03762786655247,0.3268761592709215,35.299652583643336,215.30185276673876,35.30185276673876,215.29965258364334,Dist factor of:2.2883
elWc,38.89317145702438,-77.04113191993082,H51,38.91448986470866,-77.04953191350309,1.5386788375242229,342.8899546499163,162.88467932711868,342.88467932711865,162.88995464991626,"Dist factor of:1.5388, Dist multiple:1.5388"
B,38.892747285,-77.008989,Bs,38.892752,-77.00889,0.005346824825417216,86.51255718606684,266.51261934465947,86.51261934465947,266.51255718606683,"Dist factor of:0.4755, Dist factor of:1.7321, Dist factor of:2.2883, Dist factor of:6.2666"
B,38.892747285,-77.008989,Chk01,38.80358701301893,-77.0045692366363,6.154896754407532,177.77869729680464,357.78146963293426,177.7814696329342,357.77869729680464,Dist multiple:1.5388
Sb,38.79033915000001,-77.04058603,Chk36,38.91158883943301,-76.99354755099984,8.740191975661268,16.86097951172359,196.89048661553596,16.890486615535963,196.8609795117236,Dist multiple:0.8740
Eb,38.89286049999997,-76.90916553,Chk17,38.96039316959799,-77.01059198844285,7.1811539258778865,310.4760668422817,130.41233807609592,310.4123380760959,130.47606684228168,Dist multiple:2.3936
Wb,38.89324512999998,-77.17230114000002,Chk06,38.92609741015503,-76.95853332476764,11.741885737949984,78.80501434073412,258.9392808113089,78.93928081130889,258.80501434073415,Dist multiple:0.6180
Bs,38.892752,-77.00889,Chk01,38.80358701301893,-77.0045692366363,6.155017221844678,177.8285197532651,357.8312299908971,177.8312299908971,357.82851975326514,Dist multiple:1.5388
L,38.88924949780046,-77.0501466575182,Lcnr,38.88906071490013,-77.04994269848781,0.01704363525959264,139.82327182248113,319.823399871171,139.82339987117098,319.82327182248116,Dist factor of:3.0000
L,38.88924949780046,-77.0501466575182,H17,38.88120136333437,-77.07263105649967,1.3333019657370366,245.4006284592868,65.38651359988191,245.3865135998819,65.40062845928679,Dist factor of:4.0000
La,38.88816903625909,-77.05145152722608,Chk54,38.68922831692476,-77.04351796976675,13.729477683800974,178.2098114059113,358.2147813911188,178.21478139111878,358.2098114059113,Dist multiple:2.2883
La,38.88816903625909,-77.05145152722608,Chk63,38.89999431930673,-77.036569,1.1441323929610197,44.519487773971285,224.52883225492894,44.52883225492894,224.5194877739713,Dist factor of:2.2883
La,38.88816903625909,-77.05145152722608,H22,38.92823446130691,-77.06004232078331,2.802258893738611,350.49215077508927,170.48675511677277,350.48675511677277,170.49215077508927,"Dist factor of:2.8025, Dist multiple:2.8025"
La,38.88816903625909,-77.05145152722608,H70,38.8737311478417,-77.07038741369139,1.4262750755965443,225.71721557320348,45.7053294362554,225.7053294362554,45.717215573203475,Dist multiple:0.4755
Lz,38.88921687259635,-77.05220920463091,Chk41,38.91261730408393,-76.9575387987198,5.352152676493514,72.41691441425482,252.47636512056332,72.47636512056329,252.41691441425482,Dist multiple:1.0705
Lz,38.88921687259635,-77.05220920463091,H35,38.92066077312896,-77.07975099520537,2.6283704320735923,325.6209259000109,145.60362882459594,325.60362882459594,145.6209259000109,Dist multiple:1.3143
Gs1,38.93539090046842,-77.11877083238855,PO,38.93449309999998,-77.1199159,0.08741507374161145,224.8895499184099,44.88883031492014,224.88883031492014,44.8895499184099,Dist factor of:0.8740
Gs1,38.93539090046842,-77.11877083238855,H70a,38.87147694689254,-77.06775220195667,5.196133247719119,148.03096527376397,328.0630054747987,148.06300547479867,328.03096527376397,Dist multiple:1.7321
Gs1,38.93539090046842,-77.11877083238855,H51,38.91448986470866,-77.04953191350309,3.9997607569335227,111.10698852542421,291.1504914640326,111.1504914640326,291.1069885254242,"Dist factor of:4.0000, Dist multiple:4.0000"
Gs3,38.92487183560202,-77.0180027100891,H65,38.91883509061264,-77.00739402065348,0.7072513177684797,126.06761388602621,306.0742788996327,126.0742788996327,306.0676138860262,Dist factor of:1.4142
Gs5,38.90446612895163,-76.97570336712812,H99,38.8889443857454,-77.00096480083693,1.732251110644228,231.83063572574721,51.81477360882303,231.81477360882303,51.83063572574724,"Dist factor of:1.7321, Dist multiple:1.7321"
Gs6,38.94253116241286,-77.11066858924072,PO,38.93449309999998,-77.1199159,0.7454072677714824,221.94212807883576,41.93631627325692,221.93631627325692,41.942128078835765,Dist factor of:2.2361
Gs7,38.91601482291505,-77.11677799130699,Chk37,38.93508740486395,-77.12641979728585,1.4145093636044954,338.45448036772603,158.44842232400225,338.44842232400225,158.4544803677261,"Dist factor of:1.4142, Dist multiple:1.4142"
Gs7,38.91601482291505,-77.11677799130699,Chk62,38.90537641569407,-77.02133073015519,5.196186673998142,98.0889158271776,278.1488670551257,98.14886705512572,278.08891582717763,Dist multiple:1.7321
Gs8,38.89107936946611,-77.04288644534626,Chk11,38.89433083867851,-77.13554467903445,5.000085416162668,272.6000592004019,92.54188242651722,272.5418824265172,92.60005920040192,"Dist factor of:5.0000, Dist multiple:5.0000"
Gs8,38.89107936946611,-77.04288644534626,Chk60,39.00533947251964,-77.03806204873727,7.886082923548628,1.886912868845621,181.88994557126216,1.8899455712621602,181.88691286884563,Dist multiple:1.3143
I069,38.89642237002393,-77.00659984972448,Chk52,38.89358765171932,-76.99952509051057,0.428583689079386,117.14304857860566,297.14749078602426,117.14749078602426,297.14304857860566,Dist factor of:3.0000
KS,38.790339,-77.051444,H23,38.93923731423045,-77.08834070412745,10.462007580731798,349.04742343873903,169.02427130281077,349.0242713028108,169.0474234387391,Dist multiple:0.4755
KS,38.790339,-77.051444,H56,38.91681538320637,-77.06120140091524,8.740211712555126,356.5508929026706,176.54477176621393,356.5447717662139,176.55089290267063,Dist multiple:0.8740
Chk02,38.83591588236636,-76.98066122302069,Chk45,38.94732510830963,-77.02188334594942,7.9999166884670325,343.8849346362463,163.85905334504224,343.85905334504224,163.88493463624627,Dist multiple:4.0000
Chk02,38.83591588236636,-76.98066122302069,H24,38.91738246946505,-77.0704105785321,7.416126569439487,319.2946826969629,139.23835186663598,319.238351866636,139.29468269696292,Dist multiple:0.6180
Chk02,38.83591588236636,-76.98066122302069,H56,38.91681538320637,-77.06120140091524,7.071171713244935,322.1348559494059,142.0843055349163,322.0843055349163,142.1348559494059,Dist multiple:1.4142
Chk04,38.93525554614944,-76.9884528433251,SF03,38.77367519361357,-76.97215841432278,11.180425498023208,175.48629995376345,355.4965221822406,175.4965221822406,355.4862999537635,Dist multiple:2.2361
Chk05,38.94213905894748,-77.01099576844469,Chk21,38.87280409544193,-76.94019736733574,6.118458595637903,141.39390075630007,321.43836673298773,141.43836673298773,321.39390075630007,Dist multiple:0.8740
Chk06,38.92609741015503,-76.95853332476764,Chk23b,38.90969480185885,-76.97387114815113,1.401210536492789,216.15323815496288,36.143602840494054,216.14360284049405,36.15323815496288,Dist factor of:2.8025
Chk06,38.92609741015503,-76.95853332476764,Chk54,38.68922831692476,-77.04351796976675,16.97073707706962,195.70753300558377,15.654272325566154,195.65427232556615,15.707533005583741,Dist multiple:1.4142
Chk08,38.8580454440363,-77.07846439947777,Chk19,38.98909790584569,-77.04677082443145,9.2000193245866,10.687968464541193,190.70788101790643,10.707881017906402,190.6879684645412,Dist multiple:1.3143
Chk23a,38.90863930872903,-76.97546834269932,Chk23c,38.90964452291605,-76.97239108771012,0.17976322114121232,67.3098435492701,247.31177633381242,67.31177633381242,247.3098435492701,Dist factor of:1.6180
Chk23a,38.90863930872903,-76.97546834269932,H43,38.87451597139456,-77.146392815978,9.510298080113122,255.72375171805754,75.61643696494782,255.6164369649478,75.72375171805754,Dist multiple:0.4755
Chk23b,38.90969480185885,-76.97387114815113,H70a,38.87147694689254,-77.06775220195667,5.706573104048238,242.51492720584454,62.45598536640934,242.45598536640932,62.514927205844515,Dist multiple:0.4755
Chk23c,38.90964452291605,-76.97239108771012,Chk21,38.87280409544193,-76.94019736733574,3.0773667429815807,145.65900803626772,325.67922066701345,145.67922066701345,325.6590080362677,Dist multiple:1.5388
Chk23c,38.90964452291605,-76.97239108771012,H60,38.93132296535497,-76.91720945574568,3.32843246793396,63.28517236920484,243.3198397486921,63.31983974869206,243.28517236920484,Dist multiple:0.4755
Chk11,38.89433083867851,-77.13554467903445,Chk45,38.94732510830963,-77.02188334594942,7.132844387812749,59.133730189689054,239.20513748041265,59.205137480412645,239.13373018968906,Dist multiple:0.4755
Chk12,38.88869436289873,-76.9425428132187,RK,38.85513800000002,-77.02356040000001,4.944123225997625,242.10935835570132,62.05851320790734,242.05851320790734,62.10935835570132,Dist multiple:0.6180
Chk12,38.88869436289873,-76.9425428132187,Pk04,38.77550687860945,-78.20406185227269,68.50994192534722,263.85197741142963,83.06093421852377,263.06093421852376,83.85197741142963,Dist multiple:1.0705
Chk13,38.97800673083694,-77.0340714747954,Chj24,38.97126514652496,-77.06832915730651,1.9023685981120035,255.8611078816931,75.83956061096067,255.8395606109607,75.8611078816931,Dist multiple:0.4755
Chk13,38.97800673083694,-77.0340714747954,Chk38,38.85493665631558,-77.0022595046106,8.660844581467149,168.57327076185126,348.5932546323632,168.59325463236314,348.5732707618513,Dist multiple:1.7321
Chk14,38.92072480308088,-77.03571742899706,AnOthr02,38.90608413980003,-76.95766732477911,4.325871770275856,103.47643603331908,283.5254628297948,103.52546282979478,283.4764360333191,Dist multiple:0.6180
Chk14,38.92072480308088,-77.03571742899706,OtrD,38.88972524047381,-76.91344596466341,6.928536766487869,107.93843288664542,288.01522354719515,108.01522354719515,287.9384328866454,Dist multiple:1.7321
Chk15,38.9339121071402,-77.0702598537815,H70b,38.91008217241069,-76.97878782846644,5.195954174764555,108.4144079715441,288.4718763591559,108.47187635915589,288.4144079715441,Dist multiple:1.7321
Chk16,38.95984790558003,-77.02680651074166,Chk17,38.96039316959799,-77.01059198844285,0.8740809232996904,87.52861521414242,267.5388105705436,87.5388105705436,267.5286152141424,"Dist factor of:0.8740, Dist multiple:0.8740"
Chk16,38.95984790558003,-77.02680651074166,Pk02,39.448887,-77.627618,46.66847238709224,316.4825118226305,136.1027403007861,316.1027403007861,136.4825118226305,Dist multiple:1.4142
Chk17,38.96039316959799,-77.01059198844285,OtrA,38.92624596949343,-76.95188801292042,3.9432390816311598,126.66223553458664,306.699133997364,126.69913399736402,306.66223553458667,Dist multiple:1.3143
Chk18,38.87614213026904,-77.11265634246809,Chk30,38.87080074981925,-77.14434316078132,1.7479194337172437,257.8410833093802,77.82119657773447,257.82119657773444,77.84108330938022,Dist multiple:0.8740
Chk25,38.9229071947,-77.03584297932892,Chk30,38.87080074981925,-77.14434316078132,6.864897410460213,238.46127279823253,58.393143309641005,238.393143309641,58.46127279823253,Dist multiple:2.2883
Chk25,38.9229071947,-77.03584297932892,AnOthr02,38.90608413980003,-76.95766732477911,4.369934658642518,105.37551225684541,285.42461907576137,105.42461907576137,285.3755122568454,Dist multiple:0.8740
Chk25,38.9229071947,-77.03584297932892,H70a,38.87147694689254,-77.06775220195667,3.9426799540404986,205.87602961209478,25.85599301378437,205.85599301378437,25.876029612094783,Dist multiple:1.3143
Chk25,38.9229071947,-77.03584297932892,H47,38.93841562644008,-77.01018660152103,1.7479571717691347,52.2561353884614,232.27225732906038,52.27225732906038,232.25613538846142,Dist multiple:0.8740
Chk27,38.96791103163879,-77.06834544975686,H43,38.87451597139456,-77.146392815978,7.693735271219079,213.16149552895558,33.11246215999901,213.112462159999,33.161495528955584,Dist multiple:1.5388
Chk28,38.95399489057218,-77.0776296316338,Chk58,38.84739885578784,-77.05973097339024,7.416086337597288,172.51942727847717,352.53066714898745,172.5306671489875,352.51942727847717,Dist multiple:0.6180
Chk28,38.95399489057218,-77.0776296316338,RK,38.85513800000002,-77.02356040000001,7.4158508064078115,156.84282267964952,336.87677952744184,156.87677952744184,336.84282267964954,Dist multiple:0.6180
Chk32,38.95878698101598,-77.05142116747349,H47,38.93841562644008,-77.01018660152103,2.628342199716915,122.30715365496457,302.3330746517233,122.33307465172328,302.30715365496457,Dist multiple:1.3143
Chk34,38.93536052674429,-77.01438697638629,H56,38.91681538320637,-77.06120140091524,2.828347552026488,243.123364820139,63.09395050393519,243.0939505039352,63.12336482013899,Dist multiple:1.4142
Chk35,38.89407905799511,-77.05068501975197,Chk47,38.94812410619182,-77.00484480332231,4.4721766952943645,33.513668214114716,213.5424673175391,33.54246731753909,213.51366821411472,Dist multiple:2.2361
Chk35,38.89407905799511,-77.05068501975197,H88,38.84950002068123,-77.00492179089107,3.9428221708366533,141.23864539685783,321.2673654780522,141.26736547805223,321.2386453968578,Dist multiple:1.3143
Chk35,38.89407905799511,-77.05068501975197,H31,38.93203756982007,-77.09367738494352,3.4963530536300134,318.5084185376837,138.48141329347885,318.48141329347885,138.50841853768372,Dist multiple:0.8740
Chk36,38.91158883943301,-76.99354755099984,H29,38.91226863882422,-77.12474875900264,7.071088847060755,270.4211743839084,90.33876359392642,270.3387635939264,90.42117438390841,Dist multiple:1.4142
Chk37,38.93508740486395,-77.12641979728585,H47,38.93841562644008,-77.01018660152103,6.266274918105657,87.8637993960182,267.9368475719847,87.93684757198469,267.8637993960182,"Dist factor of:6.2666, Dist multiple:6.2666"
Chk40,38.89172055971182,-76.89912135737723,OtrB,38.95704643888089,-76.99134485249716,6.7082930848216735,312.23058422318763,132.17264071909932,312.1726407190993,132.23058422318763,Dist multiple:2.2361
Chk41,38.91261730408393,-76.9575387987198,OtrD,38.88972524047381,-76.91344596466341,2.853461186181007,123.58683125509592,303.6145206288549,123.6145206288549,303.58683125509594,Dist multiple:0.4755
Chk41,38.91261730408393,-76.9575387987198,H17,38.88120136333437,-77.07263105649967,6.57166148499748,250.78175467640793,70.70948580450244,250.70948580450244,70.7817546764079,Dist multiple:1.3143
Chk41,38.91261730408393,-76.9575387987198,H43,38.87451597139456,-77.146392815978,10.514467200013675,255.5838494472983,75.46527253282028,255.46527253282028,75.58384944729829,Dist multiple:1.3143
Chk42,38.93017051598103,-77.07230698965536,Chk62,38.90537641569407,-77.02133073015519,3.2359906141725077,121.89017039238729,301.92219390711494,121.92219390711494,301.8901703923873,Dist multiple:1.6180
Chk42,38.93017051598103,-77.07230698965536,AN,38.91858289999999,-76.94192180000002,7.071051245691969,96.44972933967594,276.53164960792276,96.53164960792276,276.44972933967597,Dist multiple:1.4142
Chk43,38.94312493001874,-77.0192667064925,H81,38.88687029383775,-76.9299762903957,6.181705904214701,128.85536393636337,308.9114532202833,128.9114532202833,308.85536393636335,Dist multiple:0.4755
Chk47,38.94812410619182,-77.00484480332231,H19,38.91560586754403,-77.07888357211404,4.576540355637494,240.67354774092308,60.6270220852747,240.6270220852747,60.673547740923084,Dist multiple:2.2883
Chk58,38.84739885578784,-77.05973097339024,H31,38.93203756982007,-77.09367738494352,6.118523759308057,342.60689073795174,162.58557838052974,342.58557838052974,162.60689073795174,Dist multiple:0.8740
Chk59,39.01004268273348,-77.04244035387981,POOthr2c,38.9040771959102,-77.08165575743644,7.608672518541139,196.12904388933316,16.104387672174028,196.10438767217403,16.12904388933316,Dist multiple:0.4755
Chk59,39.01004268273348,-77.04244035387981,H17,38.88120136333437,-77.07263105649967,9.0351987364383,190.379166213644,10.36018885286876,190.36018885286876,10.379166213643998,Dist multiple:0.4755
Chk60,39.00533947251964,-77.03806204873727,H44,38.90361498656535,-77.11259304457337,8.084217125242345,209.79660796774547,29.749750104464766,209.74975010446477,29.796607967745445,Dist multiple:0.4755
PO,38.93449309999998,-77.1199159,H23,38.93923731423045,-77.08834070412745,1.732305576969255,79.10052318396545,259.120367047585,79.12036704758498,259.10052318396544,"Dist factor of:1.7321, Dist multiple:1.7321"
PO,38.93449309999998,-77.1199159,H27,38.83334538875507,-77.17620182600818,7.608590144986608,203.5237217282446,23.48838852606943,203.48838852606943,23.523721728244595,Dist multiple:0.4755
PO,38.93449309999998,-77.1199159,Pk04,38.77550687860945,-78.20406185227269,59.49453243471582,259.71813527647265,79.0379815295579,259.0379815295579,79.71813527647265,Dist multiple:2.2883
RC,38.98682226543504,-77.05231894611552,H70a,38.87147694689254,-77.06775220195667,7.999968688854477,185.9712317032617,5.961534074440124,185.96153407444012,5.971231703261708,Dist multiple:4.0000
RCrkA,38.89950909563222,-77.05755337263248,H24,38.91738246946505,-77.0704105785321,1.4143120145301808,330.6660173023238,150.6579419770065,330.6579419770065,150.66601730232378,"Dist factor of:1.4142, Dist multiple:1.4142"
POOthr2c,38.9040771959102,-77.08165575743644,H19,38.91560586754403,-77.07888357211404,0.8091696878408271,10.639485168041373,190.64122636857246,10.641226368572461,190.63948516804138,Dist factor of:1.6180
POOthr3b,38.79164360258566,-77.03902815721085,OtrD,38.88972524047381,-76.91344596466341,9.574600265054821,44.99956231246908,225.0783221171859,45.078322117185905,224.9995623124691,Dist multiple:2.3936
OtrB,38.95704643888089,-76.99134485249716,H60,38.93132296535497,-76.91720945574568,4.370091871183538,113.93305391921604,293.97965269376834,113.97965269376834,293.93305391921604,Dist multiple:0.8740
OtrC,38.95177142459147,-76.98472940704961,H22,38.92823446130691,-77.06004232078331,4.370101363378764,248.21391660850554,68.16658196556824,248.16658196556824,68.21391660850554,Dist multiple:0.8740
RK,38.85513800000002,-77.02356040000001,SF03,38.77367519361357,-76.97215841432278,6.266698369402261,153.70996831203473,333.74218707330175,153.7421870733017,333.70996831203473,"Dist factor of:6.2666, Dist multiple:6.2666"
H22,38.92823446130691,-77.06004232078331,H24,38.91738246946505,-77.0704105785321,0.9340865583355709,216.73892064362326,36.7324065491203,216.7324065491203,36.73892064362326,Dist factor of:2.8025
H22,38.92823446130691,-77.06004232078331,SF02,38.90117456916591,-77.0901139945135,2.4719699311026955,220.97432004177608,40.955430135205546,220.95543013520555,40.97432004177608,Dist multiple:0.6180
H66,38.90533124793031,-77.10094955658019,H98,38.9450714821746,-77.0388345966892,4.326333241735526,50.66163318804075,230.70066035151444,50.70066035151444,230.66163318804075,Dist multiple:0.6180
H67,38.91551942120227,-77.08923640277803,H51,38.91448986470866,-77.04953191350309,2.1409124023733077,91.88852851257629,271.91346955685515,91.91346955685515,271.8885285125763,Dist multiple:1.0705
H70b,38.91008217241069,-76.97878782846644,H40,38.90128237275844,-77.15854915633481,9.707868131166205,266.47150657562105,86.35860917214026,266.3586091721403,86.47150657562105,Dist multiple:1.6180
H12,38.92005589287478,-76.94844865915428,H60,38.93132296535497,-76.91720945574568,1.854042730957055,65.20614573889611,245.22577370352207,65.22577370352207,245.2061457388961,Dist multiple:0.6180
H13,38.94626278806017,-77.01391219662139,H47,38.93841562644008,-77.01018660152103,0.577315480289135,159.65548931427975,339.65783099228804,159.65783099228804,339.65548931427975,Dist factor of:1.7321
H35,38.92066077312896,-77.07975099520537,H47,38.93841562644008,-77.01018660152103,3.9431890324194647,71.88286417253589,251.92657595012827,71.92657595012827,251.8828641725359,Dist multiple:1.3143
H38,38.92033648688445,-77.30556025520397,H65,38.91883509061264,-77.00739402065348,16.067916603391694,90.2756496717839,270.46296661986605,90.46296661986605,270.27564967178387,Dist multiple:0.6180
H42,38.82554707680318,-77.01466103512618,Pk01,39.26242301794514,-77.39330127153266,36.374325087068975,326.0655279186216,145.82701380573866,325.82701380573866,146.06552791862163,Dist multiple:1.7321
