StreetA,LatA,LonA,StreetB,LatB,LonB,Distance
1ST ST NE,38.91200346597475,-77.00654919365425,1ST ST NE,38.91664407380482,-77.00654778303416,0.4
1ST ST NE,38.91664407380482,-77.00654778303416,1ST ST NE,38.95722557617829,-77.00627464616745,77.72
1ST ST NE,38.95722557617829,-77.00627464616745,1ST ST NE,38.89289884395104,-77.00590437828122,105.3
1ST ST NE,38.89289884395104,-77.00590437828122,1ST ST NE,38.96237890465322,-77.00587995334925,6.95
1ST ST NE,38.96237890465322,-77.00587995334925,2ND ST NE,38.91567090744609,-77.00351014345141,673.87
2ND ST NE,38.91567090744609,-77.00351014345141,2ND ST NE,38.90783944462851,-77.00350686312417,0.93
2ND ST NE,38.90783944462851,-77.00350686312417,2ND ST NE,38.89698036399472,-77.003529911938,6.56
2ND ST NE,38.89698036399472,-77.003529911938,2ND ST NE,38.92185199649985,-77.00350827890783,6.16
2ND ST NE,38.92185199649985,-77.00350827890783,3RD ST NE,38.960784244857365,-77.00281817567057,196.35
3RD ST NE,38.960784244857365,-77.00281817567057,3RD ST NE,38.898810247376765,-77.00204078588978,221.06
3RD ST NE,38.898810247376765,-77.00204078588978,3RD ST NE,38.918557248695286,-77.00203478974971,1.71
3RD ST NE,38.918557248695286,-77.00203478974971,4TH ST NE,38.92275279825577,-77.00057112879321,416.46
4TH ST NE,38.92275279825577,-77.00057112879321,4TH ST NE,38.90076896946545,-77.00027383205034,84.59
4TH ST NE,38.90076896946545,-77.00027383205034,5TH ST NE,38.91788617924148,-76.99952831209123,212.18
5TH ST NE,38.91788617924148,-76.99952831209123,5TH ST NE,38.89145461576557,-76.9995143623617,3.97
5TH ST NE,38.89145461576557,-76.9995143623617,5TH ST NE,38.92595698425716,-76.9995089911097,1.53
5TH ST NE,38.92595698425716,-76.9995089911097,6TH ST NE,38.94737778488764,-76.99911908499476,110.93
6TH ST NE,38.94737778488764,-76.99911908499476,6TH ST NE,38.96199855862836,-76.99910248027564,4.72
6TH ST NE,38.96199855862836,-76.99910248027564,6TH ST NE,38.94952579708786,-76.99878637216855,89.89
6TH ST NE,38.94952579708786,-76.99878637216855,6TH ST NE,38.92559146684329,-76.9984468455763,96.56
6TH ST NE,38.92559146684329,-76.9984468455763,6TH ST NE,38.900058073836526,-76.99817595164467,77.07
6TH ST NE,38.900058073836526,-76.99817595164467,7TH ST NE,38.90012700170178,-76.99616877546607,571.26
7TH ST NE,38.90012700170178,-76.99616877546607,7TH ST NE,38.890917447319005,-76.99617225184818,0.99
7TH ST NE,38.890917447319005,-76.99617225184818,7TH ST NE,38.92912094550251,-76.9961842884609,3.43
7TH ST NE,38.92912094550251,-76.9961842884609,7TH ST NE,38.9459542632493,-76.99691870076875,208.93
7TH ST NE,38.9459542632493,-76.99691870076875,7TH ST NE,38.89350984641028,-76.99616933567395,213.14
7TH ST NE,38.89350984641028,-76.99616933567395,8TH ST NE,38.92898122847209,-76.99496587323866,342.54
8TH ST NE,38.92898122847209,-76.99496587323866,8TH ST NE,38.897298131477285,-76.99496410934128,0.5
8TH ST NE,38.897298131477285,-76.99496410934128,8TH ST NE,38.95682751981423,-76.99418897714264,220.62
8TH ST NE,38.95682751981423,-76.99418897714264,9TH ST NE,38.90224569065323,-76.9937576837725,122.65
9TH ST NE,38.90224569065323,-76.9937576837725,9TH ST NE,38.930554961096774,-76.99373379004004,6.8
9TH ST NE,38.930554961096774,-76.99373379004004,9TH ST NE,38.89436322748355,-76.99376025435168,7.53
9TH ST NE,38.89436322748355,-76.99376025435168,10TH ST NE,38.95132119871088,-76.99282386887678,266.52
10TH ST NE,38.95132119871088,-76.99282386887678,10TH ST NE,38.94727685626537,-76.99264372101226,51.23
10TH ST NE,38.94727685626537,-76.99264372101226,10TH ST NE,38.93232032999497,-76.99269716110197,15.2
10TH ST NE,38.93232032999497,-76.99269716110197,10TH ST NE,38.89680379953665,-76.9926471605558,14.22
10TH ST NE,38.89680379953665,-76.9926471605558,11TH ST NE,38.95456609119176,-76.99157025357925,306.51
11TH ST NE,38.95456609119176,-76.99157025357925,11TH ST NE,38.896569195145986,-76.99153141275119,11.05
11TH ST NE,38.896569195145986,-76.99153141275119,11TH ST NE,38.95057386414446,-76.99169214054822,45.75
11TH ST NE,38.95057386414446,-76.99169214054822,12TH ST NE,38.93461970624168,-76.99053305097284,329.65
12TH ST NE,38.93461970624168,-76.99053305097284,12TH ST NE,38.95014597464156,-76.99055821257596,7.16
12TH ST NE,38.95014597464156,-76.99055821257596,12TH ST NE,38.896569653122846,-76.99024611170498,88.76
12TH ST NE,38.896569653122846,-76.99024611170498,13TH ST NE,38.95061350149929,-76.9867994249899,981.0
13TH ST NE,38.95061350149929,-76.9867994249899,13TH ST NE,38.93403081044942,-76.98841807250696,460.35
13TH ST NE,38.93403081044942,-76.98841807250696,13TH ST NE,38.89586280393829,-76.9883096988085,30.83
13TH ST NE,38.89586280393829,-76.9883096988085,14TH ST NE,38.95074533935196,-76.98566184069007,753.64
14TH ST NE,38.95074533935196,-76.98566184069007,14TH ST NE,38.89535055105127,-76.98551022333028,43.12
14TH ST NE,38.89535055105127,-76.98551022333028,14TH ST NE,38.93442581852255,-76.98603354868673,148.95
14TH ST NE,38.93442581852255,-76.98603354868673,15TH ST NE,38.93043869928703,-76.98424411497044,509.04
15TH ST NE,38.93043869928703,-76.98424411497044,15TH ST NE,38.89501248744005,-76.98364477435543,170.5
15TH ST NE,38.89501248744005,-76.98364477435543,16TH ST NE,38.94339890784373,-76.98365188462277,2.02
16TH ST NE,38.94339890784373,-76.98365188462277,16TH ST NE,38.93077948944545,-76.98254398965366,315.12
16TH ST NE,38.93077948944545,-76.98254398965366,16TH ST NE,38.891441178042854,-76.98221698908975,93.03
16TH ST NE,38.891441178042854,-76.98221698908975,16TH ST NE,38.89660445743059,-76.98206581344999,43.03
16TH ST NE,38.89660445743059,-76.98206581344999,16TH ST NE,38.948119189038664,-76.98314396473,306.86
16TH ST NE,38.948119189038664,-76.98314396473,17TH ST NE,38.89825792624964,-76.97983142813624,942.13
17TH ST NE,38.89825792624964,-76.97983142813624,17TH ST NE,38.92974698973372,-76.9810177869042,337.65
17TH ST NE,38.92974698973372,-76.9810177869042,17TH ST NE,38.945207111726546,-76.98167766005312,187.73
17TH ST NE,38.945207111726546,-76.98167766005312,18TH ST NE,38.90633365806072,-76.97804521889486,1033.16
18TH ST NE,38.90633365806072,-76.97804521889486,18TH ST NE,38.90302141413046,-76.9780760605381,8.78
18TH ST NE,38.90302141413046,-76.9780760605381,18TH ST NE,38.896284535301525,-76.97834679171693,77.05
18TH ST NE,38.896284535301525,-76.97834679171693,18TH ST NE,38.931386885189106,-76.97951825905554,333.43
18TH ST NE,38.931386885189106,-76.97951825905554,18TH ST NE,38.894714458351174,-76.97899619270177,148.52
18TH ST NE,38.894714458351174,-76.97899619270177,19TH ST NE,38.902579659126125,-76.97621996676406,790.19
19TH ST NE,38.902579659126125,-76.97621996676406,19TH ST NE,38.894398971692105,-76.97713728525217,261.07
19TH ST NE,38.894398971692105,-76.97713728525217,19TH ST NE,38.94103039882189,-76.97831809545427,336.09
19TH ST NE,38.94103039882189,-76.97831809545427,20TH ST NE,38.9218368656005,-76.97621693721503,597.66
20TH ST NE,38.9218368656005,-76.97621693721503,20TH ST NE,38.9345734633534,-76.97622174565129,1.37
20TH ST NE,38.9345734633534,-76.97622174565129,20TH ST NE,38.90129390164501,-76.97518674189168,294.43
20TH ST NE,38.90129390164501,-76.97518674189168,20TH ST NE,38.89474937239929,-76.97617742894646,281.95
20TH ST NE,38.89474937239929,-76.97617742894646,21ST ST NE,38.89879592676602,-76.97445221705185,491.04
21ST ST NE,38.89879592676602,-76.97445221705185,21ST ST NE,38.94233544560379,-76.97520172089688,213.32
21ST ST NE,38.94233544560379,-76.97520172089688,21ST ST NE,38.93877201599693,-76.97520206969034,0.1
21ST ST NE,38.93877201599693,-76.97520206969034,22ND ST NE,38.92365100117412,-76.9741821315896,290.12
22ND ST NE,38.92365100117412,-76.9741821315896,22ND ST NE,38.91334430786256,-76.97417807255125,1.15
22ND ST NE,38.91334430786256,-76.97417807255125,22ND ST NE,38.93648938182967,-76.97417832033852,0.07
22ND ST NE,38.93648938182967,-76.97417832033852,24TH ST NE,38.91408558158455,-76.97216578058226,572.49
24TH ST NE,38.91408558158455,-76.97216578058226,24TH ST NE,38.9336269940285,-76.97216545967366,0.09
24TH ST NE,38.9336269940285,-76.97216545967366,24TH ST NE,38.899562170861316,-76.97234112948126,49.97
24TH ST NE,38.899562170861316,-76.97234112948126,24TH ST NE,38.92406110220214,-76.97220354228732,39.16
24TH ST NE,38.92406110220214,-76.97220354228732,25TH ST NE,38.92801301121311,-76.97115196864507,299.18
25TH ST NE,38.92801301121311,-76.97115196864507,26TH ST NE,38.90064260100554,-76.97024345370659,258.47
26TH ST NE,38.90064260100554,-76.97024345370659,26TH ST NE,38.92722861122139,-76.97014501576237,28.02
26TH ST NE,38.92722861122139,-76.97014501576237,26TH ST NE,38.93545620863411,-76.97013966089236,1.52
26TH ST NE,38.93545620863411,-76.97013966089236,27TH ST NE,38.92680186822701,-76.9690027717094,323.41
27TH ST NE,38.92680186822701,-76.9690027717094,28TH ST NE,38.93902164535489,-76.96814420318519,244.26
28TH ST NE,38.93902164535489,-76.96814420318519,28TH ST NE,38.93402139073671,-76.96815487661762,3.04
28TH ST NE,38.93402139073671,-76.96815487661762,28TH ST NE,38.92416954338966,-76.96806261868478,26.24
28TH ST NE,38.92416954338966,-76.96806261868478,31ST ST NE,38.92146980713871,-76.9637028677419,1240.39
31ST ST NE,38.92146980713871,-76.9637028677419,33RD ST NE,38.91908725609171,-76.96135816215988,667.12
33RD ST NE,38.91908725609171,-76.96135816215988,34TH ST NE,38.894270980560336,-76.95750705500235,1095.76
34TH ST NE,38.894270980560336,-76.95750705500235,35TH ST NE,38.89417258876006,-76.955703568032,513.33
35TH ST NE,38.89417258876006,-76.955703568032,36TH ST NE,38.89500888042705,-76.95480727238072,255.11
36TH ST NE,38.89500888042705,-76.95480727238072,40TH ST NE,38.905846671233824,-76.94635532259592,2405.65
40TH ST NE,38.905846671233824,-76.94635532259592,41ST ST NE,38.89082189921979,-76.94456150985359,510.49
41ST ST NE,38.89082189921979,-76.94456150985359,41ST ST NE,38.8930512897948,-76.94456667769798,1.47
41ST ST NE,38.8930512897948,-76.94456667769798,42ND ST NE,38.90504832655517,-76.94340702679649,330.08
42ND ST NE,38.90504832655517,-76.94340702679649,42ND ST NE,38.895717259381954,-76.94260597254382,227.97
42ND ST NE,38.895717259381954,-76.94260597254382,44TH ST NE,38.90762578814773,-76.94027665526828,662.98
44TH ST NE,38.90762578814773,-76.94027665526828,44TH ST NE,38.89836932381843,-76.93913772235997,324.11
44TH ST NE,38.89836932381843,-76.93913772235997,45TH ST NE,38.891894013398755,-76.93778487963279,385.04
45TH ST NE,38.891894013398755,-76.93778487963279,45TH ST NE,38.8960833983915,-76.93775376214425,8.86
45TH ST NE,38.8960833983915,-76.93775376214425,46TH ST NE,38.902999772063346,-76.93641044477064,382.34
46TH ST NE,38.902999772063346,-76.93641044477064,46TH ST NE,38.89164128411659,-76.93679506611456,109.46
46TH ST NE,38.89164128411659,-76.93679506611456,46TH ST NE,38.897916583003024,-76.93659687754361,56.41
46TH ST NE,38.897916583003024,-76.93659687754361,46TH ST NE,38.89915468677247,-76.93659024824858,1.89
46TH ST NE,38.89915468677247,-76.93659024824858,47TH ST NE,38.90215468178427,-76.93563043799853,273.17
47TH ST NE,38.90215468178427,-76.93563043799853,47TH ST NE,38.90415597975603,-76.93541034531695,62.64
47TH ST NE,38.90415597975603,-76.93541034531695,47TH ST NE,38.893613847023836,-76.9349345097382,135.42
47TH ST NE,38.893613847023836,-76.9349345097382,48TH ST NE,38.903612766741354,-76.93375998243488,334.31
48TH ST NE,38.903612766741354,-76.93375998243488,49TH ST NE,38.8990677492467,-76.93221478292794,439.75
49TH ST NE,38.8990677492467,-76.93221478292794,50TH ST NE,38.894081750680876,-76.92984220926132,675.26
50TH ST NE,38.894081750680876,-76.92984220926132,50TH ST NE,38.89919534050719,-76.92959109119688,71.48
50TH ST NE,38.89919534050719,-76.92959109119688,50TH ST NE,38.90570858692394,-76.92859169816425,284.44
50TH ST NE,38.90570858692394,-76.92859169816425,51ST ST NE,38.89883492977971,-76.92746505018435,320.63
51ST ST NE,38.89883492977971,-76.92746505018435,51ST ST NE,38.90482063492695,-76.92628124598464,336.92
51ST ST NE,38.90482063492695,-76.92628124598464,54TH ST NE,38.89826385259009,-76.92326777141281,857.6
54TH ST NE,38.89826385259009,-76.92326777141281,56TH ST NE,38.89691657416689,-76.92052106680008,781.75
56TH ST NE,38.89691657416689,-76.92052106680008,57TH ST NE,38.897451235999,-76.91915345491513,389.25
57TH ST NE,38.897451235999,-76.91915345491513,57TH ST NE,38.89552086063245,-76.91915080394604,0.75
57TH ST NE,38.89552086063245,-76.91915080394604,58TH ST NE,38.89456087152367,-76.91777946084484,390.32
58TH ST NE,38.89456087152367,-76.91777946084484,59TH ST NE,38.894828419448245,-76.91640955872495,389.91
59TH ST NE,38.894828419448245,-76.91640955872495,60TH ST NE,38.89465041401137,-76.91503810015759,390.36
60TH ST NE,38.89465041401137,-76.91503810015759,60TH ST NE,38.89030497572771,-76.91439760785369,182.3
60TH ST NE,38.89030497572771,-76.91439760785369,61ST ST NE,38.892951048666575,-76.91366376851857,208.88
61ST ST NE,38.892951048666575,-76.91366376851857,62ND ST NE,38.89316872845873,-76.91229630411856,389.23
62ND ST NE,38.89316872845873,-76.91229630411856,BURNS ST NE,38.89088743570393,-76.95031858511061,10822.44
BURNS ST NE,38.89088743570393,-76.95031858511061,CONGRESS ST NE,38.90412496990459,-77.0027792526339,14932.58
CONGRESS ST NE,38.90412496990459,-77.0027792526339,CORCORAN ST NE,38.91001993120162,-76.98776565242375,4272.73
CORCORAN ST NE,38.91001993120162,-76.98776565242375,CORCORAN ST NE,38.91193256609958,-76.98727288530313,140.23
CORCORAN ST NE,38.91193256609958,-76.98727288530313,EDGEWOOD ST NE,38.92447529372384,-76.99576681353764,2417.03
EDGEWOOD ST NE,38.92447529372384,-76.99576681353764,ELLIOTT ST NE,38.89815348039906,-76.98650615234806,2634.74
ELLIOTT ST NE,38.89815348039906,-76.98650615234806,FARRAGUT ST NE,38.95059425813529,-76.9991778077326,3606.54
FARRAGUT ST NE,38.95059425813529,-76.9991778077326,NORTH CAPITOL ST NE,38.90743258375426,-77.00892574880308,2772.36
NORTH CAPITOL ST NE,38.90743258375426,-77.00892574880308,NORTH CAPITOL ST NE,38.917320305956316,-77.00891622587987,2.71
NORTH CAPITOL ST NE,38.917320305956316,-77.00891622587987,REED ST NE,38.92324902340601,-76.99382976020826,4292.67
REED ST NE,38.92324902340601,-76.99382976020826,WARREN ST NE,38.89279838675241,-76.98647433098084,2092.72
1ST ST NW,38.89434759326567,-77.01216859447324,1ST ST NW,38.91510302717484,-77.01215922581295,2.67
1ST ST NW,38.91510302717484,-77.01215922581295,1ST ST NW,38.97026067733398,-77.01166805262456,139.76
1ST ST NW,38.97026067733398,-77.01166805262456,1ST ST NW,38.956876913061265,-77.01160244174976,18.65
1ST ST NW,38.956876913061265,-77.01160244174976,2ND ST NW,38.916807053402074,-77.01448092830651,818.58
2ND ST NW,38.916807053402074,-77.01448092830651,2ND ST NW,38.96431025503003,-77.01365042176948,236.31
2ND ST NW,38.96431025503003,-77.01365042176948,2ND ST NW,38.9705820639098,-77.01284912398656,227.85
2ND ST NW,38.9705820639098,-77.01284912398656,2ND ST NW,38.8927602814421,-77.01363664463423,223.91
2ND ST NW,38.8927602814421,-77.01363664463423,2ND ST NW,38.89888539075147,-77.01365060966387,3.97
2ND ST NW,38.89888539075147,-77.01365060966387,2ND ST NW,38.954925983213506,-77.01356904069617,23.22
2ND ST NW,38.954925983213506,-77.01356904069617,3RD ST NW,38.95996830281558,-77.01606849165212,710.81
3RD ST NW,38.95996830281558,-77.01606849165212,3RD ST NW,38.91099302052039,-77.01518316877595,251.76
3RD ST NW,38.91099302052039,-77.01518316877595,3RD ST NW,38.89617300266064,-77.0151945579035,3.24
3RD ST NW,38.89617300266064,-77.0151945579035,3RD ST NW,38.91472270347261,-77.01573416412054,153.58
3RD ST NW,38.91472270347261,-77.01573416412054,3RD ST NW,38.94267996175425,-77.01543305586294,85.68
3RD ST NW,38.94267996175425,-77.01543305586294,4TH ST NW,38.95223653468996,-77.01759998894057,616.35
4TH ST NW,38.95223653468996,-77.01759998894057,4TH ST NW,38.89091458513623,-77.01756274913272,10.59
4TH ST NW,38.89091458513623,-77.01756274913272,4TH ST NW,38.900999762867954,-77.01618189707473,393.05
4TH ST NW,38.900999762867954,-77.01618189707473,4 1/2 ST NW,38.901930165947405,-77.01765874328389,420.31
4 1/2 ST NW,38.901930165947405,-77.01765874328389,4TH ST NW,38.9089173392505,-77.0161779660002,421.43
4TH ST NW,38.9089173392505,-77.0161779660002,4TH ST NW,38.91173464091003,-77.01616911958743,2.52
4TH ST NW,38.91173464091003,-77.01616911958743,4TH ST NW,38.97234309131303,-77.01803001575266,529.54
4TH ST NW,38.97234309131303,-77.01803001575266,5TH ST NW,38.93998924326581,-77.01910336364054,305.17
5TH ST NW,38.93998924326581,-77.01910336364054,5TH ST NW,38.95977585854305,-77.01977753738072,191.77
5TH ST NW,38.95977585854305,-77.01977753738072,5TH ST NW,38.90490920644883,-77.0189305607276,240.85
5TH ST NW,38.90490920644883,-77.0189305607276,6TH ST NW,38.90430964551883,-77.01991387317685,279.84
6TH ST NW,38.90430964551883,-77.01991387317685,6TH ST NW,38.968613600549666,-77.02116621043572,356.4
6TH ST NW,38.968613600549666,-77.02116621043572,6TH ST NW,38.96003019228181,-77.02117263838447,1.83
6TH ST NW,38.96003019228181,-77.02117263838447,6TH ST NW,38.97259338612494,-77.0214194291767,70.18
6TH ST NW,38.97259338612494,-77.0214194291767,7TH ST NW,38.97706441866856,-77.02294470567107,433.66
7TH ST NW,38.97706441866856,-77.02294470567107,7TH ST NW,38.9029531498696,-77.02191739263029,292.06
7TH ST NW,38.9029531498696,-77.02191739263029,7TH ST NW,38.941905443782,-77.02162143591529,84.23
7TH ST NW,38.941905443782,-77.02162143591529,7TH ST NW,38.95958104722322,-77.02231929057399,198.5
7TH ST NW,38.95958104722322,-77.02231929057399,7TH ST NW,38.98047106174298,-77.02350845322195,338.16
7TH ST NW,38.98047106174298,-77.02350845322195,8TH ST NW,38.91406301551208,-77.0229526723277,158.0
8TH ST NW,38.91406301551208,-77.0229526723277,8TH ST NW,38.896009177694,-77.02296046984358,2.22
8TH ST NW,38.896009177694,-77.02296046984358,8TH ST NW,38.937143281654336,-77.02311638025948,44.38
8TH ST NW,38.937143281654336,-77.02311638025948,8TH ST NW,38.95471645786264,-77.02386541056967,213.07
8TH ST NW,38.95471645786264,-77.02386541056967,8TH ST NW,38.977762525750556,-77.02444950804767,166.11
8TH ST NW,38.977762525750556,-77.02444950804767,8TH ST NW,38.89967261983917,-77.02294468192544,427.82
8TH ST NW,38.89967261983917,-77.02294468192544,9TH ST NW,38.95468265337771,-77.025630491588,764.4
9TH ST NW,38.95468265337771,-77.025630491588,9TH ST NW,38.97482428392641,-77.02561371879278,4.77
9TH ST NW,38.97482428392641,-77.02561371879278,9TH ST NW,38.981063552687786,-77.02541055383179,57.76
9TH ST NW,38.981063552687786,-77.02541055383179,9TH ST NW,38.90471994731047,-77.0239712797979,409.16
9TH ST NW,38.90471994731047,-77.0239712797979,9TH ST NW,38.922389518781486,-77.02429113106787,91.03
9TH ST NW,38.922389518781486,-77.02429113106787,9TH ST NW,38.93682534043523,-77.02529659048928,286.07
9TH ST NW,38.93682534043523,-77.02529659048928,10TH ST NW,38.918773330670675,-77.0259941383188,198.42
10TH ST NW,38.918773330670675,-77.0259941383188,10TH ST NW,38.91411406796575,-77.02600203293478,2.25
10TH ST NW,38.91411406796575,-77.02600203293478,10TH ST NW,38.901502313723,-77.02598975279624,3.49
10TH ST NW,38.901502313723,-77.02598975279624,10TH ST NW,38.93576197257301,-77.0272518841645,359.2
10TH ST NW,38.93576197257301,-77.0272518841645,11TH ST NW,38.915417285726356,-77.02726054031032,2.46
11TH ST NW,38.915417285726356,-77.02726054031032,12TH ST NW,38.901221502318954,-77.02810024002508,238.93
12TH ST NW,38.901221502318954,-77.02810024002508,12TH ST NW,38.98199353348072,-77.02813062081084,8.65
12TH ST NW,38.98199353348072,-77.02813062081084,12TH ST NW,38.92310594640637,-77.02804555132471,24.18
12TH ST NW,38.92310594640637,-77.02804555132471,12TH ST NW,38.9174060029292,-77.02808523384506,11.29
12TH ST NW,38.9174060029292,-77.02808523384506,12TH ST NW,38.96569853378518,-77.02853441907783,127.81
12TH ST NW,38.96569853378518,-77.02853441907783,13TH ST NW,38.90228054149928,-77.02962698671594,310.67
13TH ST NW,38.90228054149928,-77.02962698671594,13TH ST NW,38.94130767001193,-77.02969617249629,19.69
13TH ST NW,38.94130767001193,-77.02969617249629,13 1/2 ST NW,38.89507615382485,-77.03077651531561,307.29
13 1/2 ST NW,38.89507615382485,-77.03077651531561,13TH ST NW,38.9825542366581,-77.02968139554916,311.7
13TH ST NW,38.9825542366581,-77.02968139554916,14TH ST NW,38.96112531747494,-77.0334240767287,1063.96
14TH ST NW,38.96112531747494,-77.0334240767287,14TH ST NW,38.92770013021,-77.03237521609745,298.26
14TH ST NW,38.92770013021,-77.03237521609745,14TH ST NW,38.89741722530472,-77.03195883979016,118.46
14TH ST NW,38.89741722530472,-77.03195883979016,15TH ST NW,38.91539961936346,-77.03486608477095,827.45
15TH ST NW,38.91539961936346,-77.03486608477095,15TH ST NW,38.97524178836894,-77.03477619023734,25.58
15TH ST NW,38.97524178836894,-77.03477619023734,15TH ST NW,38.94634558853749,-77.03451999045946,72.84
15TH ST NW,38.94634558853749,-77.03451999045946,15TH ST NW,38.89592513772889,-77.03358418584781,266.16
15TH ST NW,38.89592513772889,-77.03358418584781,16TH ST NW,38.90309278791549,-77.03654372491545,842.35
16TH ST NW,38.90309278791549,-77.03654372491545,16TH ST NW,38.89236076975013,-77.03654692352207,0.91
16TH ST NW,38.89236076975013,-77.03654692352207,16TH ST NW,38.90734039373965,-77.03653196449521,4.26
16TH ST NW,38.90734039373965,-77.03653196449521,16TH ST NW,38.95053378913351,-77.03642107844503,31.56
16TH ST NW,38.95053378913351,-77.03642107844503,17TH ST NW,38.909941588761676,-77.03849302375784,589.27
17TH ST NW,38.909941588761676,-77.03849302375784,17TH ST NW,38.96218550497881,-77.03832281120778,48.44
17TH ST NW,38.96218550497881,-77.03832281120778,17TH ST NW,38.93313274035826,-77.03884985229323,149.87
17TH ST NW,38.93313274035826,-77.03884985229323,17TH ST NW,38.9222826319108,-77.03893579285342,24.45
17TH ST NW,38.9222826319108,-77.03893579285342,17TH ST NW,38.896208976645795,-77.03946658945945,151.02
17TH ST NW,38.896208976645795,-77.03946658945945,18TH ST NW,38.90745728621153,-77.04174220372653,647.69
18TH ST NW,38.90745728621153,-77.04174220372653,18TH ST NW,38.93912913470053,-77.04159605855868,41.59
18TH ST NW,38.93912913470053,-77.04159605855868,18TH ST NW,38.93201665384941,-77.04129998890905,84.22
18TH ST NW,38.93201665384941,-77.04129998890905,18TH ST NW,38.942421888542945,-77.04127753198847,6.39
18TH ST NW,38.942421888542945,-77.04127753198847,19TH ST NW,38.90060687564538,-77.0434641185848,621.95
19TH ST NW,38.90060687564538,-77.0434641185848,20TH ST NW,38.90315660723947,-77.0449059903723,410.36
20TH ST NW,38.90315660723947,-77.0449059903723,20TH ST NW,38.89281338031322,-77.04493170672512,7.32
20TH ST NW,38.89281338031322,-77.04493170672512,20TH ST NW,38.91363823805193,-77.04487148025508,17.14
20TH ST NW,38.91363823805193,-77.04487148025508,21ST ST NW,38.903076861922024,-77.04665233371003,506.75
21ST ST NW,38.903076861922024,-77.04665233371003,22ND ST NW,38.89280882892198,-77.04885953623138,628.16
22ND ST NW,38.89280882892198,-77.04885953623138,22ND ST NW,38.91396597550481,-77.04878660045114,20.76
22ND ST NW,38.91396597550481,-77.04878660045114,22ND ST NW,38.903991399739276,-77.04881708705672,8.68
22ND ST NW,38.903991399739276,-77.04881708705672,23RD ST NW,38.91595731264811,-77.05063898158697,518.49
23RD ST NW,38.91595731264811,-77.05063898158697,23RD ST NW,38.89610681976548,-77.05013881519676,142.32
23RD ST NW,38.89610681976548,-77.05013881519676,23RD ST NW,38.90768092838351,-77.04998197302359,44.64
23RD ST NW,38.90768092838351,-77.04998197302359,24TH ST NW,38.91578065817861,-77.05260453975741,746.32
24TH ST NW,38.91578065817861,-77.05260453975741,24TH ST NW,38.902565276948415,-77.05142029587766,336.97
24TH ST NW,38.902565276948415,-77.05142029587766,25TH ST NW,38.897914591061074,-77.05336190323989,552.58
25TH ST NW,38.897914591061074,-77.05336190323989,25TH ST NW,38.9032486427305,-77.0533098973829,14.8
25TH ST NW,38.9032486427305,-77.0533098973829,26TH ST NW,38.901523167092996,-77.05475413299284,411.02
26TH ST NW,38.901523167092996,-77.05475413299284,26TH ST NW,38.90938927940667,-77.05476348997915,2.66
26TH ST NW,38.90938927940667,-77.05476348997915,26TH ST NW,38.904244965703754,-77.05474952700698,3.97
26TH ST NW,38.904244965703754,-77.05474952700698,27TH ST NW,38.96853479358668,-77.0561353013515,394.38
27TH ST NW,38.96853479358668,-77.0561353013515,27TH ST NW,38.90146603077018,-77.05610950837188,7.33
27TH ST NW,38.90146603077018,-77.05610950837188,27TH ST NW,38.927114286009655,-77.05533531301418,220.34
27TH ST NW,38.927114286009655,-77.05533531301418,27TH ST NW,38.933886250846406,-77.05529601132947,11.18
27TH ST NW,38.933886250846406,-77.05529601132947,28TH ST NW,38.96076631696414,-77.05747617310995,620.19
28TH ST NW,38.96076631696414,-77.05747617310995,28TH ST NW,38.90876188417301,-77.05710387680215,105.87
28TH ST NW,38.90876188417301,-77.05710387680215,29TH ST NW,38.93509156785125,-77.05984769229627,780.81
29TH ST NW,38.93509156785125,-77.05984769229627,29TH ST NW,38.95998016863632,-77.05874931100632,312.45
29TH ST NW,38.95998016863632,-77.05874931100632,29TH ST NW,38.96459942864768,-77.05873887275693,2.97
29TH ST NW,38.96459942864768,-77.05873887275693,29TH ST NW,38.94151816049063,-77.0586339206581,29.84
29TH ST NW,38.94151816049063,-77.0586339206581,29TH ST NW,38.90755785385308,-77.05814974306537,137.72
29TH ST NW,38.90755785385308,-77.05814974306537,29TH ST NW,38.926145539716366,-77.0577348031087,118.08
29TH ST NW,38.926145539716366,-77.0577348031087,30TH ST NW,38.93604323939534,-77.06107824110687,951.22
30TH ST NW,38.93604323939534,-77.06107824110687,30TH ST NW,38.950361508726004,-77.06163862333214,159.41
30TH ST NW,38.950361508726004,-77.06163862333214,30TH ST NW,38.95397581632347,-77.06098550424008,185.75
30TH ST NW,38.95397581632347,-77.06098550424008,30TH ST NW,38.920257343855056,-77.05924428288426,495.19
30TH ST NW,38.920257343855056,-77.05924428288426,30TH ST NW,38.906773576373254,-77.05919115289058,15.12
30TH ST NW,38.906773576373254,-77.05919115289058,31ST ST NW,38.92677439960796,-77.06130538763529,601.67
31ST ST NW,38.92677439960796,-77.06130538763529,31ST ST NW,38.949565574978905,-77.06292847353303,461.77
31ST ST NW,38.949565574978905,-77.06292847353303,32ND ST NW,38.948796755474206,-77.06435858685909,406.74
32ND ST NW,38.948796755474206,-77.06435858685909,32ND ST NW,38.96525061726804,-77.06400331257737,101.04
32ND ST NW,38.96525061726804,-77.06400331257737,32ND ST NW,38.9524987334843,-77.06517335747421,332.7
32ND ST NW,38.9524987334843,-77.06517335747421,32ND ST NW,38.9811315826185,-77.0562068519863,2550.05
32ND ST NW,38.9811315826185,-77.0562068519863,32ND ST NW,38.92701330563913,-77.06353364822752,2082.88
32ND ST NW,38.92701330563913,-77.06353364822752,33RD ST NW,38.90380060477545,-77.06598479171139,697.35
33RD ST NW,38.90380060477545,-77.06598479171139,33RD ST NW,38.968359112016,-77.06638208011027,113.07
33RD ST NW,38.968359112016,-77.06638208011027,33RD ST NW,38.90844939060664,-77.06608460126193,84.58
33RD ST NW,38.90844939060664,-77.06608460126193,34TH ST NW,38.931243355608714,-77.06638972754027,86.83
34TH ST NW,38.931243355608714,-77.06638972754027,34TH ST NW,38.90403094945314,-77.06781493785492,405.45
34TH ST NW,38.90403094945314,-77.06781493785492,34TH ST NW,38.9102318966384,-77.06787005721958,15.69
34TH ST NW,38.9102318966384,-77.06787005721958,35TH ST NW,38.937694838342324,-77.06863821009313,218.59
35TH ST NW,38.937694838342324,-77.06863821009313,35TH ST NW,38.92643327860162,-77.06863779106973,0.12
35TH ST NW,38.92643327860162,-77.06863779106973,35TH ST NW,38.91140553608476,-77.06919644826762,158.94
35TH ST NW,38.91140553608476,-77.06919644826762,35TH ST NW,38.93313328669992,-77.06863786802568,158.95
35TH ST NW,38.93313328669992,-77.06863786802568,36TH ST NW,38.90728669890885,-77.07032674040613,480.44
36TH ST NW,38.90728669890885,-77.07032674040613,36TH ST NW,38.925042934699064,-77.07088740031068,159.55
36TH ST NW,38.925042934699064,-77.07088740031068,36TH ST NW,38.93455041050212,-77.0708859147923,0.42
36TH ST NW,38.93455041050212,-77.0708859147923,36TH ST NW,38.9142533770727,-77.07114313017212,73.17
36TH ST NW,38.9142533770727,-77.07114313017212,36TH ST NW,38.90516248070348,-77.07024197954385,256.42
36TH ST NW,38.90516248070348,-77.07024197954385,37TH ST NW,38.92136326494347,-77.07311272546573,816.98
37TH ST NW,38.92136326494347,-77.07311272546573,37TH ST NW,38.94165250288542,-77.07241772867486,197.74
37TH ST NW,38.94165250288542,-77.07241772867486,37TH ST NW,38.9160852760181,-77.0728395772438,119.99
37TH ST NW,38.9160852760181,-77.0728395772438,37TH ST NW,38.90724721807697,-77.07159074343015,355.35
37TH ST NW,38.90724721807697,-77.07159074343015,38TH ST NW,38.936089967993404,-77.07451742272359,832.87
38TH ST NW,38.936089967993404,-77.07451742272359,38TH ST NW,38.92730839288581,-77.07462552733399,30.75
38TH ST NW,38.92730839288581,-77.07462552733399,38TH ST NW,38.95786287050155,-77.07459612391185,8.37
38TH ST NW,38.95786287050155,-77.07459612391185,38TH ST NW,38.914554082984544,-77.07419783893917,113.26
38TH ST NW,38.914554082984544,-77.07419783893917,38TH ST NW,38.91993552726859,-77.07603561280483,522.94
38TH ST NW,38.91993552726859,-77.07603561280483,38TH ST NW,38.94666036044889,-77.07460726129129,406.41
38TH ST NW,38.94666036044889,-77.07460726129129,38TH ST NW,38.93817582679397,-77.07592088699798,373.62
38TH ST NW,38.93817582679397,-77.07592088699798,39TH ST NW,38.91473087811704,-77.07562337325749,84.63
39TH ST NW,38.91473087811704,-77.07562337325749,39TH ST NW,38.93269643356327,-77.07724616189545,461.76
39TH ST NW,38.93269643356327,-77.07724616189545,39TH ST NW,38.960462693317844,-77.07714627069059,28.42
39TH ST NW,38.960462693317844,-77.07714627069059,39TH ST NW,38.94571549142911,-77.07703585519799,31.4
39TH ST NW,38.94571549142911,-77.07703585519799,40TH ST NW,38.92065411516333,-77.07877626139434,495.01
40TH ST NW,38.92065411516333,-77.07877626139434,40TH ST NW,38.94932350009063,-77.07874668921254,8.41
40TH ST NW,38.94932350009063,-77.07874668921254,41ST ST NW,38.922748042576224,-77.08062918792224,535.4
41ST ST NW,38.922748042576224,-77.08062918792224,41ST ST NW,38.95734634913683,-77.08030435151595,92.42
41ST ST NW,38.95734634913683,-77.08030435151595,41ST ST NW,38.94378570832408,-77.0803264906441,6.3
41ST ST NW,38.94378570832408,-77.0803264906441,42ND ST NW,38.9584248643704,-77.08202723605737,483.75
42ND ST NW,38.9584248643704,-77.08202723605737,42ND ST NW,38.9474623063059,-77.08218869717994,45.92
42ND ST NW,38.9474623063059,-77.08218869717994,42ND ST NW,38.9227685424112,-77.08179606966344,111.67
42ND ST NW,38.9227685424112,-77.08179606966344,43RD ST NW,38.958530434929095,-77.08376431086872,560.0
43RD ST NW,38.958530434929095,-77.08376431086872,43RD ST NW,38.953714559915184,-77.08378154121878,4.9
43RD ST NW,38.953714559915184,-77.08378154121878,43RD ST NW,38.928708956350135,-77.08379796177095,4.67
43RD ST NW,38.928708956350135,-77.08379796177095,43RD ST NW,38.947245316943174,-77.08378750903711,2.97
43RD ST NW,38.947245316943174,-77.08378750903711,43RD ST NW,38.96004534152324,-77.08376705516626,5.82
43RD ST NW,38.96004534152324,-77.08376705516626,44TH ST NW,38.958682342054225,-77.08621811212456,697.0
44TH ST NW,38.958682342054225,-77.08621811212456,44TH ST NW,38.95010088673959,-77.0862098404962,2.35
44TH ST NW,38.95010088673959,-77.0862098404962,44TH ST NW,38.92719006599721,-77.08634811313264,39.33
44TH ST NW,38.92719006599721,-77.08634811313264,44TH ST NW,38.90969029138926,-77.08083611888101,1568.15
44TH ST NW,38.90969029138926,-77.08083611888101,45TH ST NW,38.93086158501384,-77.08864145803491,2221.15
45TH ST NW,38.93086158501384,-77.08864145803491,45TH ST NW,38.95081331285618,-77.08863755515364,1.11
45TH ST NW,38.95081331285618,-77.08863755515364,46TH ST NW,38.92019709445656,-77.09218467462678,1008.82
46TH ST NW,38.92019709445656,-77.09218467462678,46TH ST NW,38.94878145925922,-77.09061162583069,447.57
46TH ST NW,38.94878145925922,-77.09061162583069,47TH ST NW,38.920713944682284,-77.09325339958676,751.35
47TH ST NW,38.920713944682284,-77.09325339958676,47TH ST NW,38.947386481913746,-77.09261714586039,181.03
47TH ST NW,38.947386481913746,-77.09261714586039,48TH ST NW,38.94063545735423,-77.09434041001892,490.13
48TH ST NW,38.94063545735423,-77.09434041001892,48TH ST NW,38.919698760827664,-77.09435160392573,3.18
48TH ST NW,38.919698760827664,-77.09435160392573,48TH ST NW,38.94912260831798,-77.09435516907182,1.01
48TH ST NW,38.94912260831798,-77.09435516907182,49TH ST NW,38.94399198443021,-77.09670500173549,668.32
49TH ST NW,38.94399198443021,-77.09670500173549,50TH ST NW,38.94598132642324,-77.0985222152916,516.87
50TH ST NW,38.94598132642324,-77.0985222152916,BATAAN ST NW,38.90724962324778,-77.03765993842636,17310.65
BATAAN ST NW,38.90724962324778,-77.03765993842636,COLUMBIA ST NW,38.909117546685366,-77.02498024776897,3608.36
COLUMBIA ST NW,38.909117546685366,-77.02498024776897,CORREGIDOR ST NW,38.90725164073735,-77.03540404997476,2966.31
CORREGIDOR ST NW,38.90725164073735,-77.03540404997476,DEXTER ST NW,38.924455623090466,-77.0878108991036,14913.84
DEXTER ST NW,38.924455623090466,-77.0878108991036,ELLICOTT ST NW,38.953334843214144,-77.05799476138179,8482.97
ELLICOTT ST NW,38.953334843214144,-77.05799476138179,HOPKINS ST NW,38.909113549379356,-77.04575959171378,3479.61
HOPKINS ST NW,38.909113549379356,-77.04575959171378,KIRBY ST NW,38.90650094736847,-77.01365548474088,9135.89
KIRBY ST NW,38.90650094736847,-77.01365548474088,MARION ST NW,38.91116253811936,-77.02092733841218,2069.43
MARION ST NW,38.91116253811936,-77.02092733841218,MOUNT PLEASANT ST NW,38.93400369976209,-77.039942081423,5410.88
MOUNT PLEASANT ST NW,38.93400369976209,-77.039942081423,NORTH CAPITOL ST NW,38.91641074410526,-77.00917402454843,8752.63
NORTH CAPITOL ST NW,38.91641074410526,-77.00917402454843,NORTH CAPITOL ST NW,38.90715023486908,-77.00917968111845,1.61
NORTH CAPITOL ST NW,38.90715023486908,-77.00917968111845,POTOMAC ST NW,38.903538366445765,-77.06501197231512,15888.67
POTOMAC ST NW,38.903538366445765,-77.06501197231512,POTOMAC ST NW,38.90474207601964,-77.06529261049843,79.87
POTOMAC ST NW,38.90474207601964,-77.06529261049843,POTOMAC ST NW,38.90647620807943,-77.06523500475612,16.39
POTOMAC ST NW,38.90647620807943,-77.06523500475612,THOMAS JEFFERSON ST NW,38.90390564576239,-77.06013832997714,1450.42
THOMAS JEFFERSON ST NW,38.90390564576239,-77.06013832997714,WILTBERGER ST NW,38.91483846080586,-77.02087465368496,11174.1
WILTBERGER ST NW,38.91483846080586,-77.02087465368496,WYNDALE ST NW,38.982821159644764,-77.05520922301123,9769.82
WYNDALE ST NW,38.982821159644764,-77.05520922301123,YUMA ST NW,38.94655575632876,-77.10070707506264,12933.95
1ST ST SE,38.87563764905796,-77.00587420069854,1ST ST SE,38.88591054871147,-77.00590122673574,7.69
1ST ST SE,38.88591054871147,-77.00590122673574,1ST ST SE,38.830995654835334,-77.00582017585663,23.07
1ST ST SE,38.830995654835334,-77.00582017585663,2ND ST SE,38.83550054687787,-77.00284662477684,847.11
2ND ST SE,38.83550054687787,-77.00284662477684,2ND ST SE,38.839604687626526,-77.00270593465143,40.08
2ND ST SE,38.839604687626526,-77.00270593465143,2ND ST SE,38.878506335043085,-77.00352001363433,231.89
2ND ST SE,38.878506335043085,-77.00352001363433,2ND ST SE,38.88589287191069,-77.0035190678996,0.27
2ND ST SE,38.88589287191069,-77.0035190678996,3RD ST SE,38.88180191302568,-77.00204269430081,420.27
3RD ST SE,38.88180191302568,-77.00204269430081,3RD ST SE,38.82719550379751,-77.00196677138165,21.61
3RD ST SE,38.82719550379751,-77.00196677138165,4TH ST SE,38.83937227220265,-77.00059857155046,389.8
4TH ST SE,38.83937227220265,-77.00059857155046,4TH ST SE,38.829920198903864,-77.00041403454526,52.57
4TH ST SE,38.829920198903864,-77.00041403454526,4TH ST SE,38.88180119853372,-77.00057378870237,45.51
4TH ST SE,38.88180119853372,-77.00057378870237,5TH ST SE,38.881456221470316,-76.999514417552,301.58
5TH ST SE,38.881456221470316,-76.999514417552,5TH ST SE,38.874504419714505,-76.9995284289254,3.99
5TH ST SE,38.874504419714505,-76.9995284289254,5TH ST SE,38.88817738433621,-76.99951554976897,3.67
5TH ST SE,38.88817738433621,-76.99951554976897,5TH ST SE,38.88438248255437,-76.99951526859745,0.08
5TH ST SE,38.88438248255437,-76.99951526859745,5TH ST SE,38.84158600789804,-76.99951941356612,1.18
5TH ST SE,38.84158600789804,-76.99951941356612,6TH ST SE,38.82679078108399,-76.9988438072167,192.44
6TH ST SE,38.82679078108399,-76.9988438072167,6TH ST SE,38.8403390299439,-76.9984523389274,111.53
6TH ST SE,38.8403390299439,-76.9984523389274,6TH ST SE,38.88445232631519,-76.99847869284395,7.51
6TH ST SE,38.88445232631519,-76.99847869284395,7TH ST SE,38.88193980109302,-76.99618482065038,652.99
7TH ST SE,38.88193980109302,-76.99618482065038,7TH ST SE,38.88870761934595,-76.9961765623309,2.35
7TH ST SE,38.88870761934595,-76.9961765623309,7TH ST SE,38.8447921253735,-76.99591923088151,73.25
7TH ST SE,38.8447921253735,-76.99591923088151,8TH ST SE,38.84460054824708,-76.99470812461232,344.96
8TH ST SE,38.84460054824708,-76.99470812461232,8TH ST SE,38.88314835510081,-76.99497159751832,75.04
8TH ST SE,38.88314835510081,-76.99497159751832,9TH ST SE,38.87625098916699,-76.99377204066056,341.48
9TH ST SE,38.87625098916699,-76.99377204066056,9TH ST SE,38.884550817123454,-76.99376287733077,2.61
9TH ST SE,38.884550817123454,-76.99376287733077,9TH ST SE,38.84436556770742,-76.99351178733033,71.48
9TH ST SE,38.84436556770742,-76.99351178733033,10TH ST SE,38.87395788125094,-76.99265639926423,243.64
10TH ST SE,38.87395788125094,-76.99265639926423,10TH ST SE,38.87685925444758,-76.99266129266243,1.39
10TH ST SE,38.87685925444758,-76.99266129266243,10TH ST SE,38.884546651285596,-76.99264731530609,3.98
10TH ST SE,38.884546651285596,-76.99264731530609,12TH ST SE,38.88382288611301,-76.99024600011688,683.58
12TH ST SE,38.88382288611301,-76.99024600011688,12TH ST SE,38.875074234201115,-76.99021645554663,8.41
12TH ST SE,38.875074234201115,-76.99021645554663,13TH ST SE,38.84225833039059,-76.98850701192629,486.69
13TH ST SE,38.84225833039059,-76.98850701192629,13TH ST SE,38.883694998986854,-76.9883144993658,54.83
13TH ST SE,38.883694998986854,-76.9883144993658,14TH ST SE,38.87879403692519,-76.98551187752233,797.83
14TH ST SE,38.87879403692519,-76.98551187752233,14TH ST SE,38.88519773468397,-76.98551330441505,0.41
14TH ST SE,38.88519773468397,-76.98551330441505,15TH ST SE,38.883703288099994,-76.98365565890842,528.81
15TH ST SE,38.883703288099994,-76.98365565890842,16TH ST SE,38.885021158732286,-76.98222144930675,408.28
16TH ST SE,38.885021158732286,-76.98222144930675,16TH ST SE,38.8560910755097,-76.98224593050165,6.97
16TH ST SE,38.8560910755097,-76.98224593050165,16TH ST SE,38.86878902902097,-76.9822261686988,5.63
16TH ST SE,38.86878902902097,-76.9822261686988,17TH ST SE,38.884528440511794,-76.98076444528024,416.2
17TH ST SE,38.884528440511794,-76.98076444528024,17TH ST SE,38.85675310614141,-76.9807915644321,7.72
17TH ST SE,38.85675310614141,-76.9807915644321,17TH ST SE,38.86901957540066,-76.98077835232914,3.76
17TH ST SE,38.86901957540066,-76.98077835232914,18TH ST SE,38.85595638324637,-76.97902437229456,499.41
18TH ST SE,38.85595638324637,-76.97902437229456,18TH ST SE,38.86385231876168,-76.9790225811846,0.51
18TH ST SE,38.86385231876168,-76.9790225811846,18TH ST SE,38.88632570233384,-76.97899893809426,6.73
18TH ST SE,38.88632570233384,-76.97899893809426,18TH ST SE,38.869299424405675,-76.97900976842831,3.08
18TH ST SE,38.869299424405675,-76.97900976842831,19TH ST SE,38.88631357015565,-76.9772629764798,497.36
19TH ST SE,38.88631357015565,-76.9772629764798,19TH ST SE,38.87064255135883,-76.97735854435841,27.2
19TH ST SE,38.87064255135883,-76.97735854435841,20TH ST SE,38.852091951730856,-76.9762539026642,314.52
20TH ST SE,38.852091951730856,-76.9762539026642,21ST ST SE,38.84545980728973,-76.97403039749044,633.25
21ST ST SE,38.84545980728973,-76.97403039749044,21ST ST SE,38.85118406714945,-76.97522330395618,339.77
21ST ST SE,38.85118406714945,-76.97522330395618,22ND ST SE,38.87068484871616,-76.97498362142706,68.26
22ND ST SE,38.87068484871616,-76.97498362142706,22ND ST SE,38.8502956071039,-76.97420412877706,221.94
22ND ST SE,38.8502956071039,-76.97420412877706,22ND ST SE,38.85356380210196,-76.97421193056809,2.22
22ND ST SE,38.85356380210196,-76.97421193056809,23RD ST SE,38.87086122325741,-76.973189644682,291.14
23RD ST SE,38.87086122325741,-76.973189644682,23RD ST SE,38.8535616987225,-76.97320880910212,5.46
23RD ST SE,38.8535616987225,-76.97320880910212,24TH ST SE,38.8521626081783,-76.97220823707822,284.96
24TH ST SE,38.8521626081783,-76.97220823707822,24TH ST SE,38.84676693640979,-76.97043082858558,506.2
24TH ST SE,38.84676693640979,-76.97043082858558,25TH ST SE,38.87078141019649,-76.97094021008296,145.08
25TH ST SE,38.87078141019649,-76.97094021008296,25TH ST SE,38.85941499888496,-76.96982289742932,318.13
25TH ST SE,38.85941499888496,-76.96982289742932,28TH ST SE,38.869215930843126,-76.96789136534707,550.04
28TH ST SE,38.869215930843126,-76.96789136534707,29TH ST SE,38.86917271151199,-76.9657992031809,595.7
29TH ST SE,38.86917271151199,-76.9657992031809,29TH ST SE,38.85795215869529,-76.96549178991103,87.53
29TH ST SE,38.85795215869529,-76.96549178991103,29TH ST SE,38.87350221127574,-76.96642428346946,265.55
29TH ST SE,38.87350221127574,-76.96642428346946,30TH ST SE,38.87208947470269,-76.96477438856029,469.75
30TH ST SE,38.87208947470269,-76.96477438856029,30TH ST SE,38.8565764318973,-76.96486937174748,27.04
30TH ST SE,38.8565764318973,-76.96486937174748,30TH ST SE,38.86513493161277,-76.96480762687241,17.58
30TH ST SE,38.86513493161277,-76.96480762687241,30TH ST SE,38.87846690051852,-76.96476588245355,11.89
30TH ST SE,38.87846690051852,-76.96476588245355,31ST ST SE,38.863487364034484,-76.96314120267334,462.53
31ST ST SE,38.863487364034484,-76.96314120267334,31ST ST SE,38.87897775579158,-76.96310672195321,9.82
31ST ST SE,38.87897775579158,-76.96310672195321,31ST ST SE,38.855232315998684,-76.9625061681089,170.97
31ST ST SE,38.855232315998684,-76.9625061681089,32ND ST SE,38.86031294427312,-76.96149873501497,286.9
32ND ST SE,38.86031294427312,-76.96149873501497,32ND ST SE,38.87962228627485,-76.9614628992638,10.2
32ND ST SE,38.87962228627485,-76.9614628992638,32ND ST SE,38.883399624593984,-76.96145397802465,2.54
32ND ST SE,38.883399624593984,-76.96145397802465,33RD ST SE,38.8840118563181,-76.95980466389217,469.52
33RD ST SE,38.8840118563181,-76.95980466389217,33RD ST SE,38.85847832273595,-76.96018689503443,108.81
33RD ST SE,38.85847832273595,-76.96018689503443,34TH ST SE,38.87534070298611,-76.95754476044942,752.41
34TH ST SE,38.87534070298611,-76.95754476044942,34TH ST SE,38.88620785084697,-76.95751581705899,8.24
34TH ST SE,38.88620785084697,-76.95751581705899,35TH ST SE,38.88831306454444,-76.9560705613326,411.41
35TH ST SE,38.88831306454444,-76.9560705613326,36TH ST SE,38.88698208875593,-76.95463851758839,407.64
36TH ST SE,38.88698208875593,-76.95463851758839,37TH ST SE,38.88580742203043,-76.95231706475359,660.82
37TH ST SE,38.88580742203043,-76.95231706475359,37TH ST SE,38.86368810511565,-76.95360247460317,365.91
37TH ST SE,38.86368810511565,-76.95360247460317,38TH ST SE,38.864051219283795,-76.95222061419432,393.49
38TH ST SE,38.864051219283795,-76.95222061419432,42ND ST SE,38.868718018017084,-76.94254825777523,2754.21
42ND ST SE,38.868718018017084,-76.94254825777523,46TH ST SE,38.878986887894584,-76.93511729573584,2115.83
46TH ST SE,38.878986887894584,-76.93511729573584,51ST ST SE,38.878162081791466,-76.93000249203918,1456.14
51ST ST SE,38.878162081791466,-76.93000249203918,53RD ST SE,38.88536770011509,-76.92613501257155,1101.05
53RD ST SE,38.88536770011509,-76.92613501257155,54TH ST SE,38.88575493534191,-76.92378030181386,670.3
54TH ST SE,38.88575493534191,-76.92378030181386,57TH ST SE,38.88915603242297,-76.91873387136998,1436.54
57TH ST SE,38.88915603242297,-76.91873387136998,57TH ST SE,38.887809947161955,-76.91837209425982,102.98
57TH ST SE,38.887809947161955,-76.91837209425982,BOWYER ST SE,38.87403384294293,-76.99893097917007,22931.54
BOWYER ST SE,38.87403384294293,-76.99893097917007,CANAL ST SE,38.874044466342184,-77.00374134537631,1369.56
CANAL ST SE,38.874044466342184,-77.00374134537631,FENDALL ST SE,38.86439455629455,-76.97981221766297,6812.88
FENDALL ST SE,38.86439455629455,-76.97981221766297,HALF ST SE,38.87696821316027,-77.0074623342089,7873.34
HALF ST SE,38.87696821316027,-77.0074623342089,HARWOOD ST SE,38.874202372063664,-76.99418645614847,3779.63
HARWOOD ST SE,38.874202372063664,-76.99418645614847,PAULDING ST SE,38.874223393430874,-76.99558181057817,397.27
PAULDING ST SE,38.874223393430874,-76.99558181057817,SOUTH CAPITOL ST SE,38.87695871298785,-77.0089532084806,3806.97
SOUTH CAPITOL ST SE,38.87695871298785,-77.0089532084806,VAN ST SE,38.87555675977977,-77.00821919462135,208.97
1ST ST SW,38.88741227371004,-77.01216269634607,1ST ST SW,38.866889430968406,-77.01196550702689,56.13
1ST ST SW,38.866889430968406,-77.01196550702689,1ST ST SW,38.8729809625639,-77.0121737058925,59.28
1ST ST SW,38.8729809625639,-77.0121737058925,1ST ST SW,38.82185381059446,-77.00544087902327,1916.94
1ST ST SW,38.82185381059446,-77.00544087902327,2ND ST SW,38.867929259204075,-77.01367228266598,2345.28
2ND ST SW,38.867929259204075,-77.01367228266598,2ND ST SW,38.885227307034384,-77.01366191247551,2.95
2ND ST SW,38.885227307034384,-77.01366191247551,3RD ST WALKWAY SW,38.881692793158415,-77.0148048914528,325.37
3RD ST WALKWAY SW,38.881692793158415,-77.0148048914528,3RD ST SW,38.88652893784989,-77.01519171940596,110.12
3RD ST SW,38.88652893784989,-77.01519171940596,3RD ST SW,38.87250151044412,-77.01515200765323,11.3
3RD ST SW,38.87250151044412,-77.01515200765323,3RD ST SW,38.878876863930245,-77.01520039188162,13.78
3RD ST SW,38.878876863930245,-77.01520039188162,4TH ST SW,38.88087593114344,-77.01756962538674,674.5
4TH ST SW,38.88087593114344,-77.01756962538674,6TH ST SW,38.878462813958045,-77.01990045783216,663.55
6TH ST SW,38.878462813958045,-77.01990045783216,6TH ST SW,38.88541098952603,-77.01990984480669,2.67
6TH ST SW,38.88541098952603,-77.01990984480669,9TH ST SW,38.88485367523594,-77.02407178151758,1184.76
9TH ST SW,38.88485367523594,-77.02407178151758,9TH ST SW,38.82245445840849,-77.02458124832262,145.03
9TH ST SW,38.82245445840849,-77.02458124832262,9TH ST SW,38.88695691204554,-77.02424621556293,95.46
9TH ST SW,38.88695691204554,-77.02424621556293,9TH ST SW,38.88525140729426,-77.02388988349523,101.43
9TH ST SW,38.88525140729426,-77.02388988349523,9TH ST SW,38.886956168546966,-77.0238760319746,3.94
9TH ST SW,38.886956168546966,-77.0238760319746,10TH ST SW,38.883874441950105,-77.02595959384985,593.1
10TH ST SW,38.883874441950105,-77.02595959384985,11TH ST SW,38.82245826517628,-77.02370564116349,641.64
11TH ST SW,38.82245826517628,-77.02370564116349,12TH ST SW,38.821206989419515,-77.02350284553066,57.78
12TH ST SW,38.821206989419515,-77.02350284553066,13TH ST SW,38.88548126030852,-77.02962201106972,1743.48
13TH ST SW,38.88548126030852,-77.02962201106972,14TH ST SW,38.88650928386737,-77.0319788806502,670.92
14TH ST SW,38.88650928386737,-77.0319788806502,15TH ST SW,38.82146534537924,-77.02241650944052,2722.03
15TH ST SW,38.82146534537924,-77.02241650944052,16TH ST SW,38.822247404419045,-77.02179624409634,176.73
16TH ST SW,38.822247404419045,-77.02179624409634,16TH ST SW,38.82149092810044,-77.02211928636935,92.04
16TH ST SW,38.82149092810044,-77.02211928636935,17TH ST SW,38.88895238526708,-77.03949101849088,4949.56
17TH ST SW,38.88895238526708,-77.03949101849088,23RD ST SW,38.88772938803503,-77.05017886205954,3042.31
23RD ST SW,38.88772938803503,-77.05017886205954,28TH ST SW,38.82292601816424,-77.01839259830948,9048.15
28TH ST SW,38.82292601816424,-77.01839259830948,28TH ST SW,38.82179520098693,-77.01846879275098,21.71
28TH ST SW,38.82179520098693,-77.01846879275098,ALMY ST SW,38.8218094067925,-77.02544540433956,1987.77
ALMY ST SW,38.8218094067925,-77.02544540433956,BENNETT ST SW,38.821313270132684,-77.02274005019025,770.81
BENNETT ST SW,38.821313270132684,-77.02274005019025,CUDAHEY ST SW,38.85323119476289,-77.00816965916133,4151.41
CUDAHEY ST SW,38.85323119476289,-77.00816965916133,FURTH ST SW,38.82175025007258,-77.01900183370155,3084.93
FURTH ST SW,38.82175025007258,-77.01900183370155,GREENLEE ST SW,38.821634186461125,-77.02411798645517,1457.69
GREENLEE ST SW,38.821634186461125,-77.02411798645517,HALF ST SW,38.871880832505155,-77.01067375443304,3830.52
HALF ST SW,38.871880832505155,-77.01067375443304,MARQUART ST SW,38.82168354975236,-77.01971433465116,2574.03
MARQUART ST SW,38.82168354975236,-77.01971433465116,SOUTH CAPITOL ST SW,38.86859003778644,-77.00906446986343,3034.35
SOUTH CAPITOL ST SW,38.86859003778644,-77.00906446986343,SOUTH CAPITOL ST SW,38.87651423245227,-77.00924589676517,51.66
SOUTH CAPITOL ST SW,38.87651423245227,-77.00924589676517,THEELEN ST SW,38.82060449375866,-77.0257448843633,4697.27
THEELEN ST SW,38.82060449375866,-77.0257448843633,TUCKER ST SW,38.8221889647568,-77.02110195078315,1322.88
TUCKER ST SW,38.8221889647568,-77.02110195078315,TUCKER ST SW,38.821336109982596,-77.02056076311064,154.19
TUCKER ST SW,38.821336109982596,-77.02056076311064,WATER ST SW,38.87564428698015,-77.02076683795313,58.71
WATER ST SW,38.87564428698015,-77.02076683795313,YOUNG ST SW,38.82625556648118,-77.02385986752034,880.6
NORTH CAPITOL ST BN,38.95335579381171,-77.00894699930788,NORTH CAPITOL ST BN,38.967799830451554,-77.00901460160523,19.23
NORTH CAPITOL ST BN,38.967799830451554,-77.00901460160523,NORTH CAPITOL ST BN,38.91913743908682,-77.00846034940311,157.59
NORTH CAPITOL ST BN,38.91913743908682,-77.00846034940311,SOUTH CAPITOL ST BN,38.839910583378106,-77.0068968768421,444.86
