P1,P1_lat,P1_lon,P2,P2_lat,P2_lon,Dist,Az12,Az21,BackAz12,BackAz21,Reason
K,38.892755,-77.051435,Hk,38.8951366,-77.051444,0.1642848297322346,359.8307964157596,179.83079076483222,359.8307907648322,179.83079641575955,Dist factor of:1.3143
K,38.892755,-77.051435,elEc,38.89278681802996,-77.04033404260801,0.5984377899219823,89.78637707618346,269.7933469772621,89.7933469772621,269.78637707618344,Dist factor of:2.3936
K,38.892755,-77.051435,B,38.892747285,-77.008989,2.2881924692033366,90.00000060968448,270.0266509509012,90.02665095090123,270.0000006096845,"Dist factor of:2.2883, Dist target:2.2883"
J,38.889801,-77.03656908080315,WHs,38.897561,-77.036569,0.5352891591902932,0.00046621789982632966,180.00046626863428,0.0004662686342840061,180.00046621789983,Dist factor of:1.0705
J,38.889801,-77.03656908080315,elNc,38.89344928705847,-77.04098558,0.3464388996207673,316.5886479951461,136.58587509923206,316.58587509923206,136.58864799514612,Dist factor of:1.7321
J,38.889801,-77.03656908080315,H56,38.91681538320637,-77.06120140091524,2.2880741851503874,324.53852128629535,144.523051991841,324.523051991841,144.53852128629535,"Dist factor of:2.2883, Dist target:2.2883"
P,38.87100323118176,-77.05596854698287,H70,38.8737311478417,-77.07038741369139,0.7999653973154293,283.609460270769,103.6004111680528,283.6004111680528,103.60946027076898,Dist factor of:4.0000
PenB,38.87273680802001,-77.05628256361138,PenD,38.87004437347602,-77.05846414671291,0.2198478657793131,212.3514081198567,32.35003901419282,212.35003901419282,32.35140811985673,Dist factor of:1.5388
NOa,38.92154464050518,-77.06705128052432,elNc,38.89344928705847,-77.04098558,2.393667313653798,144.05377132685533,324.0701422786659,144.0701422786659,324.0537713268553,"Dist factor of:2.3936, Dist target:2.3936"
M,38.889484,-77.035278,CapK,38.889801,-77.00904745,1.4142754953559138,89.10585186608176,269.1223199921261,89.12231999212611,269.10585186608176,"Dist factor of:1.4142, Dist target:1.4142"
WHs,38.897561,-77.036569,WHb,38.89609664728791,-77.03656881060775,0.10101192780429734,179.99420907975292,359.9942091986761,179.99420919867612,359.9942090797529,Dist factor of:1.4142
WHa,38.89828563763562,-77.036569,Chk44,38.9096320124952,-77.04345033773585,0.8661166922467266,334.6464464915304,154.64212489560532,334.6421248956053,154.64644649153047,Dist factor of:1.7321
WHb,38.89609664728791,-77.03656881060775,WHc,38.89666242649749,-77.03611695727467,0.046004908991634876,31.968327062957187,211.96861078793674,31.96861078793677,211.9683270629572,Dist factor of:0.8740
WHc,38.89666242649749,-77.03611695727467,Chk63,38.89999431930673,-77.036569,0.23112409044072565,353.94831438248605,173.9480305266179,353.9480305266179,173.94831438248605,Dist factor of:1.6180
WHc,38.89666242649749,-77.03611695727467,H77,38.89703882730361,-77.03762786655247,0.08548439224007263,287.682374071851,107.6814253412756,287.6814253412756,107.68237407185097,"Dist factor of:1.5388, Dist factor of:2.3936"
WHz,38.89597663639302,-77.03431133703796,CFd,38.88868978460074,-77.00578323852076,1.6179702168863581,108.0905148229023,288.1084264441387,108.10842644413867,288.0905148229023,"Dist factor of:1.6180, Dist target:1.6180"
WHz,38.89597663639302,-77.03431133703796,CptB,38.88556174596554,-77.00988737303246,1.4999367113518518,118.61048263328169,298.6258169180983,118.62581691809828,298.61048263328166,Dist factor of:3.0000
WHz,38.89597663639302,-77.03431133703796,SF01,38.90124200833564,-77.08586335465753,2.802490146282903,277.4627853810688,97.43041359089243,277.43041359089244,97.46278538106878,"Dist factor of:2.8025, Dist target:2.8025"
WH SEcnr,38.89753757777559,-77.03626431326734,H28,38.90499081362246,-77.12853595395019,5.000117297202581,275.9307486522879,95.87280387850798,275.87280387850797,95.93074865228789,"Dist factor of:5.0000, Dist target:5.0000"
Cap,38.889801,-77.009227,CapK,38.889801,-77.00904745,0.0096796387276986,89.9999436370541,270.0000563629459,90.00005636294588,269.9999436370541,Dist factor of:2.2361
Cap,38.889801,-77.009227,Chk23a,38.90863930872903,-76.97546834269932,2.236063185390725,54.45824125444345,234.47944008717144,54.47944008717144,234.45824125444346,"Dist factor of:2.2361, Dist target:2.2361"
CapK,38.889801,-77.00904745,I069,38.89642237002393,-77.00659984972448,0.4754222130920981,16.112252044778845,196.11378881831774,16.113788818317744,196.11225204477884,"Dist factor of:0.4755, Dist target:0.4755"
CFa,38.89064396166972,-77.01235207597406,CFb,38.88898718985376,-77.01233379820508,0.11428922250880114,179.50600265687066,359.50601413210575,179.50601413210575,359.5060026568707,Dist factor of:4.0000
CFa,38.89064396166972,-77.01235207597406,CFe,38.88981116007428,-77.01012017665087,0.1333326600874532,115.52115341185635,295.52255466590134,115.52255466590134,295.52115341185635,"Dist factor of:4.0000, Dist factor of:6.2666"
CFa,38.89064396166972,-77.01235207597406,H99,38.8889443857454,-77.00096480083693,0.6249886883130354,100.80822427013287,280.81537347958954,100.81537347958954,280.8082242701329,Dist factor of:5.0000
CFb,38.88898718985376,-77.01233379820508,POOthr2a,38.86374289004072,-77.04279029496989,2.393590456718406,223.3315134901878,43.312397713734555,223.31239771373455,43.33151349018783,"Dist factor of:2.3936, Dist target:2.3936"
CFd,38.88868978460074,-77.00578323852076,CptB,38.88556174596554,-77.00988737303246,0.3090569610750113,225.72109755529618,45.71852102819065,225.71852102819065,45.72109755529618,Dist factor of:0.6180
CFd,38.88868978460074,-77.00578323852076,I069,38.89642237002393,-77.00659984972448,0.5352115166187752,355.2822296559285,175.2817169368309,355.2817169368309,175.28222965592852,Dist factor of:1.0705
CFg,38.89361386946052,-77.00907795602103,CptA,38.89077979476803,-77.0072678806584,0.2184956030157777,153.47404957966268,333.47518604826246,153.47518604826246,333.4740495796627,Dist factor of:0.8740
SCa,38.890621,-77.00510154468833,SCb,38.890621,-77.00442188577618,0.03664036251936125,89.9997866429508,270.00021335704923,90.00021335704923,269.99978664295077,Dist factor of:1.5388
elEc,38.89278681802996,-77.04033404260801,elWc,38.89317145702438,-77.04113191993082,0.05053730297546383,301.66919526767623,121.66869430628527,301.66869430628526,121.66919526767623,Dist factor of:6.2666
elSc,38.89284818820199,-77.04058603,L,38.88924949780046,-77.0501466575182,0.5720751563698941,244.2858848080384,64.27988224961793,244.2798822496179,64.28588480803842,Dist factor of:2.2883
elNc,38.89344928705847,-77.04098558,elWc,38.89317145702438,-77.04113191993082,0.020725024823933944,202.3736884770112,22.373596594238506,202.3735965942385,22.37368847701123,Dist factor of:4.0000
elWc,38.89317145702438,-77.04113191993082,H77,38.89703882730361,-77.03762786655247,0.3268761592709215,35.299652583643336,215.30185276673876,35.30185276673876,215.29965258364334,Dist factor of:2.2883
elWc,38.89317145702438,-77.04113191993082,H51,38.91448986470866,-77.04953191350309,1.5386788375242229,342.8899546499163,162.88467932711868,342.88467932711865,162.88995464991626,"Dist factor of:1.5388, Dist target:1.5388"
B,38.892747285,-77.008989,Bs,38.892752,-77.00889,0.005346824825417216,86.51255718606684,266.51261934465947,86.51261934465947,266.51255718606683,Dist factor of:6.2666
L,38.88924949780046,-77.0501466575182,H17,38.88120136333437,-77.07263105649967,1.3333019657370366,245.4006284592868,65.38651359988191,245.3865135998819,65.40062845928679,Dist factor of:4.0000
La,38.88816903625909,-77.05145152722608,Chk63,38.89999431930673,-77.036569,1.1441323929610197,44.519487773971285,224.52883225492894,44.52883225492894,224.5194877739713,Dist factor of:2.2883
Gs1,38.93539090046842,-77.11877083238855,PO,38.93449309999998,-77.1199159,0.08741507374161145,224.8895499184099,44.88883031492014,224.88883031492014,44.8895499184099,Dist factor of:0.8740
Gs5,38.90446612895163,-76.97570336712812,H99,38.8889443857454,-77.00096480083693,1.732251110644228,231.83063572574721,51.81477360882303,231.81477360882303,51.83063572574724,"Dist factor of:1.7321, Dist target:1.7321"
Gs6,38.94253116241286,-77.11066858924072,PO,38.93449309999998,-77.1199159,0.7454072677714824,221.94212807883576,41.93631627325692,221.93631627325692,41.942128078835765,Dist factor of:2.2361
Gs8,38.89107936946611,-77.04288644534626,Chk11,38.89433083867851,-77.13554467903445,5.000085416162668,272.6000592004019,92.54188242651722,272.5418824265172,92.60005920040192,"Dist factor of:5.0000, Dist target:5.0000"
I069,38.89642237002393,-77.00659984972448,Chk52,38.89358765171932,-76.99952509051057,0.428583689079386,117.14304857860566,297.14749078602426,117.14749078602426,297.14304857860566,Dist factor of:3.0000
Chk06,38.92609741015503,-76.95853332476764,Chk23b,38.90969480185885,-76.97387114815113,1.401210536492789,216.15323815496288,36.143602840494054,216.14360284049405,36.15323815496288,Dist factor of:2.8025
Chk23a,38.90863930872903,-76.97546834269932,Chk23c,38.90964452291605,-76.97239108771012,0.17976322114121232,67.3098435492701,247.31177633381242,67.31177633381242,247.3098435492701,Dist factor of:1.6180
Chk16,38.95984790558003,-77.02680651074166,Chk17,38.96039316959799,-77.01059198844285,0.8740809232996904,87.52861521414242,267.5388105705436,87.5388105705436,267.5286152141424,"Dist factor of:0.8740, Dist target:0.8740"
RCrkA,38.89950909563222,-77.05755337263248,H24,38.91738246946505,-77.0704105785321,1.4143120145301808,330.6660173023238,150.6579419770065,330.6579419770065,150.66601730232378,"Dist factor of:1.4142, Dist target:1.4142"
RK,38.85513800000002,-77.02356040000001,SF03,38.77367519361357,-76.97215841432278,6.266698369402261,153.70996831203473,333.74218707330175,153.7421870733017,333.70996831203473,"Dist factor of:6.2666, Dist target:6.2666"
H13,38.94626278806017,-77.01391219662139,H47,38.93841562644008,-77.01018660152103,0.577315480289135,159.65548931427975,339.65783099228804,159.65783099228804,339.65548931427975,Dist factor of:1.7321
